[
  {
    "model": "main.job",
    "pk": "ar_job",
    "fields": {
      "title": "AR Analyst",
      "type": "part time",
      "description": "AR is changing the entertainment world..",
      "function": "Analyze the patterns AR is impacting the IT industry",
      "expectations": "The applicant should know various AR tools."
    }
  },
  {
    "model": "main.job",
    "pk": "game_dev_job",
    "fields": {
      "title": "Game Developer",
      "type": "full time",
      "description": "All about making games",
      "function": "Create the understandable Game Design docs",
      "expectations": "Applicant has sufficient knowledge on game design principles"
    }
  },
  {
    "model": "main.location",
    "pk": "ar_job_location",
    "fields": {
      "name": "Niantic",
      "city": null,
      "country": "US"
    }
  },
  {
    "model": "main.location",
    "pk": "fast",
    "fields": {
      "name": "FAST",
      "city": "Lahore",
      "country": "Pakistan"
    }
  },
  {
    "model": "main.location",
    "pk": "hogwarts",
    "fields": {
      "name": "Hogwarts School of Mystery",
      "city": null,
      "country": "UK"
    }
  },
  {
    "model": "main.location",
    "pk": "mit",
    "fields": {
      "name": "MIT",
      "city": null,
      "country": "USA"
    }
  },
  {
    "model": "main.location",
    "pk": "nintendo_headquarters",
    "fields": {
      "name": "Nintendo Headquarters",
      "city": null,
      "country": "Japan"
    }
  },
  {
    "model": "main.location",
    "pk": "nust",
    "fields": {
      "name": "NUST",
      "city": "Islamabad",
      "country": "Pakistan"
    }
  },
  {
    "model": "main.location",
    "pk": "sony_location",
    "fields": {
      "name": "Sony Headquarters",
      "city": null,
      "country": "US"
    }
  },
  {
    "model": "main.location",
    "pk": "unity",
    "fields": {
      "name": "Unity Association",
      "city": null,
      "country": "UK"
    }
  },
  {
    "model": "main.location",
    "pk": "winchester",
    "fields": {
      "name": "Winchester House",
      "city": "Sydney",
      "country": "Australia"
    }
  },
  {
    "model": "main.fee",
    "pk": "ar_job",
    "fields": {
      "amount": "$350"
    }
  },
  {
    "model": "main.salary",
    "pk": "ar_job",
    "fields": {
      "amount": "$1500"
    }
  },
  {
    "model": "main.salary",
    "pk": "game_dev_job",
    "fields": {
      "amount": "$2500"
    }
  },
  {
    "model": "main.grant",
    "pk": "atom_sch",
    "fields": {
      "amount": "$4500"
    }
  },
  {
    "model": "main.grant",
    "pk": "geneva_scholarship",
    "fields": {
      "amount": "$1500"
    }
  },
  {
    "model": "main.expense",
    "pk": "nintendo_conference_1",
    "fields": {
      "amount": "$400",
      "description": "Travel Expense"
    }
  },
  {
    "model": "main.expense",
    "pk": "sony_expense_1",
    "fields": {
      "amount": "$450",
      "description": "Travel Allowance"
    }
  },
  {
    "model": "main.qualifications",
    "pk": "ar_job",
    "fields": {
      "minimum": "Python, C++",
      "preferred": "Python, C++, ARKit, Vuforia"
    }
  },
  {
    "model": "main.qualifications",
    "pk": "atom_sch",
    "fields": {
      "minimum": "Python, C++",
      "preferred": "Python, C++, ARKit, Vuforia"
    }
  },
  {
    "model": "main.qualifications",
    "pk": "game_dev_job",
    "fields": {
      "minimum": "Unity Familiarity, Game Development",
      "preferred": "Gaames published on Play Store, App store and/or Steam"
    }
  },
  {
    "model": "main.qualifications",
    "pk": "geneva_scholarship",
    "fields": {
      "minimum": "Horror and Mystery Movies and Novels",
      "preferred": "Research Paper on topic of \"Effect of Horror movies on human brain activities\""
    }
  },
  {
    "model": "main.submissionform",
    "pk": "AR_Job_Form",
    "fields": {
      "title": "AR Application",
      "required_docs": "Transcript, Online AR Courses Certificates",
      "steps_to_apply": "Follow PDF from official source"
    }
  },
  {
    "model": "main.submissionform",
    "pk": "atom_sch",
    "fields": {
      "title": "Atom Scholarship Application",
      "required_docs": "Transcript",
      "steps_to_apply": "Follow the Facebook page for complete guide"
    }
  },
  {
    "model": "main.submissionform",
    "pk": "game_dev_job",
    "fields": {
      "title": "Game Development Job",
      "required_docs": "Transcript, Unity Begineer level course certificates",
      "steps_to_apply": "Follow official source"
    }
  },
  {
    "model": "main.submissionform",
    "pk": "geneva_scholarship",
    "fields": {
      "title": "Geneva Application Form",
      "required_docs": "Transcript, Ghostbusters Quiz Performa",
      "steps_to_apply": "Follow the website guide"
    }
  },
  {
    "model": "main.sponsor",
    "pk": "atom",
    "fields": {
      "name": "Atom Association"
    }
  },
  {
    "model": "main.sponsor",
    "pk": "geneva_sch",
    "fields": {
      "name": "Geneva Sch Association"
    }
  },
  {
    "model": "main.sponsor",
    "pk": "ghostbusters",
    "fields": {
      "name": "Ghost Busters"
    }
  },
  {
    "model": "main.sponsor",
    "pk": "nintendo",
    "fields": {
      "name": "Nintendo"
    }
  },
  {
    "model": "main.sponsor",
    "pk": "sony",
    "fields": {
      "name": "Sony"
    }
  },
  {
    "model": "main.tenure",
    "pk": "AR_job_tenure",
    "fields": {
      "start_date": "2018-10-01T06:00:00Z",
      "duration": "365 00:00:00"
    }
  },
  {
    "model": "main.tenure",
    "pk": "atom_sch",
    "fields": {
      "start_date": "2018-10-01T00:00:00Z",
      "duration": "365 00:00:00"
    }
  },
  {
    "model": "main.tenure",
    "pk": "game_dev_job",
    "fields": {
      "start_date": "2018-09-01T00:00:00Z",
      "duration": "756 00:00:00"
    }
  },
  {
    "model": "main.tenure",
    "pk": "geneva_scholarship",
    "fields": {
      "start_date": "2018-12-01T00:00:00Z",
      "duration": "365 00:00:00"
    }
  },
  {
    "model": "main.tenure",
    "pk": "nintendo_conference",
    "fields": {
      "start_date": "2018-08-13T00:00:00Z",
      "duration": "3 00:00:00"
    }
  },
  {
    "model": "main.tenure",
    "pk": "sony_conference",
    "fields": {
      "start_date": "2018-09-17T00:00:00Z",
      "duration": "4 04:00:00"
    }
  },
  {
    "model": "main.about",
    "pk": "atom_sch",
    "fields": {
      "title": "Atom Student Scholarship",
      "description": "Get a Chance to Study Internationally through this scholarship"
    }
  },
  {
    "model": "main.about",
    "pk": "geneva_scholarship",
    "fields": {
      "title": "Geneva Research Scholarship",
      "description": "Find the Mysteries by researching the myterious locations"
    }
  },
  {
    "model": "main.about",
    "pk": "nintendo_conference",
    "fields": {
      "title": "Nintendo Direct Conference",
      "description": "Information About Upcoming Switch Titles"
    }
  },
  {
    "model": "main.about",
    "pk": "sony_conference",
    "fields": {
      "title": "Sony Press Conference",
      "description": "Details about Sony Game Dev"
    }
  },
  {
    "model": "main.specialization",
    "pk": "AR",
    "fields": {
      "title": "Augmented Reality",
      "description": "Augmenting the Real World"
    }
  },
  {
    "model": "main.specialization",
    "pk": "game_dev",
    "fields": {
      "title": "Game Development",
      "description": "All about making games"
    }
  },
  {
    "model": "main.specialization",
    "pk": "horror",
    "fields": {
      "title": "Horror",
      "description": "The thing that gets you in an instant"
    }
  },
  {
    "model": "main.specialization",
    "pk": "mystery",
    "fields": {
      "title": "Mystery",
      "description": "Unable to Explain something that happened in a matter of time"
    }
  },
  {
    "model": "main.specialization",
    "pk": "potions",
    "fields": {
      "title": "Potions",
      "description": "Liquid to liquify others"
    }
  },
  {
    "model": "main.contact",
    "pk": "atom_sch",
    "fields": {
      "email": "atom_sch@email.com",
      "phone": "123-atom-900"
    }
  },
  {
    "model": "main.contact",
    "pk": "geneva_scholarship",
    "fields": {
      "email": "geneva_sch@email.com",
      "phone": "987-gensch-001"
    }
  },
  {
    "model": "main.contact",
    "pk": "reggie",
    "fields": {
      "email": "reggie@nintendo.com",
      "phone": null
    }
  },
  {
    "model": "main.contact",
    "pk": "sony_contact",
    "fields": {
      "email": "sony@email.com",
      "phone": "090078601"
    }
  },
  {
    "model": "main.profileuseradapter",
    "pk": 2,
    "fields": {
      "user": 3
    }
  },
  {
    "model": "main.profileuseradapter",
    "pk": 3,
    "fields": {
      "user": 4
    }
  },
  {
    "model": "main.profileuseradapter",
    "pk": 4,
    "fields": {
      "user": 5
    }
  },
  {
    "model": "main.profile",
    "pk": "alishah",
    "fields": {
      "profileuseradapter_ptr": 2,
      "name": "Ali shah",
      "age": null,
      "gender": null
    }
  },
  {
    "model": "main.profile",
    "pk": "dumbeldore",
    "fields": {
      "profileuseradapter_ptr": 4,
      "name": "Professor Dumbeldore",
      "age": null,
      "gender": null
    }
  },
  {
    "model": "main.profile",
    "pk": "snape",
    "fields": {
      "profileuseradapter_ptr": 3,
      "name": "Severus Snape",
      "age": 35,
      "gender": null
    }
  },
  {
    "model": "main.student",
    "pk": "alishah",
    "fields": {
      "experience": 1,
      "skills": [
        "AR"
      ]
    }
  },
  {
    "model": "main.professor",
    "pk": "dumbeldore",
    "fields": {
      "related_university": "hogwarts",
      "expertise": [
        "AR",
        "potions"
      ]
    }
  },
  {
    "model": "main.professor",
    "pk": "snape",
    "fields": {
      "related_university": "hogwarts",
      "expertise": [
        "potions"
      ]
    }
  },
  {
    "model": "main.studentposition",
    "pk": "ar_job",
    "fields": {
      "experience_required": "2.5 Years",
      "deadline": "2018-08-01T00:00:00Z",
      "source": "Facebook Ads",
      "job": "ar_job",
      "submission_form": "AR_Job_Form",
      "job_location": "ar_job_location",
      "fee": "ar_job",
      "salary": "ar_job",
      "requirements": "ar_job",
      "job_provider": "dumbeldore",
      "duration": "AR_job_tenure",
      "skills_covered": [
        "game_dev",
        "AR"
      ],
      "contacts": [
        "atom_sch",
        "sony_contact"
      ]
    }
  },
  {
    "model": "main.studentposition",
    "pk": "game_dev_job",
    "fields": {
      "experience_required": "0-1 Years",
      "deadline": "2018-08-15T18:00:00Z",
      "source": "Unity association",
      "job": "game_dev_job",
      "submission_form": "game_dev_job",
      "job_location": "unity",
      "fee": null,
      "salary": "game_dev_job",
      "requirements": "game_dev_job",
      "job_provider": "dumbeldore",
      "duration": "game_dev_job",
      "skills_covered": [
        "game_dev",
        "AR"
      ],
      "contacts": [
        "reggie"
      ]
    }
  },
  {
    "model": "main.scholarship",
    "pk": "atom_scholarship",
    "fields": {
      "funding": null,
      "number_of_positions": 10,
      "deadline": "2018-07-31T00:00:00Z",
      "scholarship_maintenance_criteria": "Maintain the 3.5 CGPA",
      "perks_offered": "Food Allowance",
      "source": "Official Website",
      "information": "atom_sch",
      "application_form": "atom_sch",
      "amount_granted": "atom_sch",
      "criteria": "atom_sch",
      "duration": "atom_sch",
      "fields_of_interest": [
        "game_dev",
        "AR"
      ],
      "contacts": [
        "atom_sch"
      ],
      "host_universities": [
        "nust",
        "mit",
        "fast"
      ],
      "sponsors": [
        "atom"
      ]
    }
  },
  {
    "model": "main.scholarship",
    "pk": "geneva_scholarship",
    "fields": {
      "funding": 300000,
      "number_of_positions": 45,
      "deadline": "2018-11-01T12:00:00Z",
      "scholarship_maintenance_criteria": null,
      "perks_offered": "Free Lunch ;)",
      "source": "Official Facebook Page",
      "information": "geneva_scholarship",
      "application_form": "geneva_scholarship",
      "amount_granted": "geneva_scholarship",
      "criteria": "geneva_scholarship",
      "duration": "geneva_scholarship",
      "fields_of_interest": [
        "mystery",
        "horror"
      ],
      "contacts": [
        "geneva_scholarship"
      ],
      "host_universities": [
        "mit",
        "winchester"
      ],
      "sponsors": [
        "geneva_sch",
        "ghostbusters"
      ]
    }
  },
  {
    "model": "main.conference",
    "pk": "nintendo_conference",
    "fields": {
      "call_for_paper_deadline": "2018-08-01T00:00:00Z",
      "key_speakers": "Reggie Fils Amie",
      "source": "Nintendo Website",
      "ranking": "A*",
      "info": "nintendo_conference",
      "duration": "nintendo_conference",
      "conference_venue": "nintendo_headquarters",
      "fields_of_interest": [
        "game_dev",
        "AR"
      ],
      "contacts": [
        "reggie"
      ],
      "sponsors": [
        "nintendo"
      ],
      "covered_expenses": [
        "nintendo_conference_1"
      ]
    }
  },
  {
    "model": "main.conference",
    "pk": "sony_conference",
    "fields": {
      "call_for_paper_deadline": "2018-09-01T00:00:00Z",
      "key_speakers": "Sony CEO",
      "source": "Sony Facebook Page",
      "ranking": "A+",
      "info": "sony_conference",
      "duration": "sony_conference",
      "conference_venue": "sony_location",
      "fields_of_interest": [
        "game_dev",
        "AR",
        "potions"
      ],
      "contacts": [
        "sony_contact"
      ],
      "sponsors": [
        "sony"
      ],
      "covered_expenses": [
        "sony_expense_1"
      ]
    }
  }
]
