[{"model": "main.job", "pk": "1", "fields": {"title": "PhD Machina", "type": "full time", "description": "IDK", "function": "Writing Research Papers", "expectations": null}}, {"model": "main.job", "pk": "AR_Expert", "fields": {"title": "AR Analyst", "type": "part time", "description": "AR is changing the entertainment world..", "function": "Analyze the patterns AR is impacting the IT industry", "expectations": "The applicant should know various AR tools."}}, {"model": "main.job", "pk": "job10", "fields": {"title": "job : 10", "type": "full time", "description": "Run the tests 10 time", "function": "Learn", "expectations": null}}, {"model": "main.job", "pk": "job11", "fields": {"title": "job : 11", "type": "full time", "description": "Run the tests 11 time", "function": "Learn", "expectations": null}}, {"model": "main.job", "pk": "job12", "fields": {"title": "job : 12", "type": "full time", "description": "Run the tests 12 time", "function": "Learn", "expectations": null}}, {"model": "main.job", "pk": "job13", "fields": {"title": "job : 13", "type": "full time", "description": "Run the tests 13 time", "function": "Learn", "expectations": null}}, {"model": "main.job", "pk": "job14", "fields": {"title": "job : 14", "type": "full time", "description": "Run the tests 14 time", "function": "Learn", "expectations": null}}, {"model": "main.job", "pk": "job15", "fields": {"title": "job : 15", "type": "full time", "description": "Run the tests 15 time", "function": "Learn", "expectations": null}}, {"model": "main.job", "pk": "job16", "fields": {"title": "job : 16", "type": "full time", "description": "Run the tests 16 time", "function": "Learn", "expectations": null}}, {"model": "main.job", "pk": "job17", "fields": {"title": "job : 17", "type": "full time", "description": "Run the tests 17 time", "function": "Learn", "expectations": null}}, {"model": "main.job", "pk": "job18", "fields": {"title": "job : 18", "type": "full time", "description": "Run the tests 18 time", "function": "Learn", "expectations": null}}, {"model": "main.job", "pk": "job19", "fields": {"title": "job : 19", "type": "full time", "description": "Run the tests 19 time", "function": "Learn", "expectations": null}}, {"model": "main.job", "pk": "job2", "fields": {"title": "Game Developer", "type": "part time", "description": "Develop Games", "function": "Quick Game Design", "expectations": "No crying"}}, {"model": "main.job", "pk": "job20", "fields": {"title": "job : 20", "type": "full time", "description": "Run the tests 20 time", "function": "Learn", "expectations": null}}, {"model": "main.job", "pk": "job21", "fields": {"title": "job : 21", "type": "part time", "description": "Run the tests 21 time", "function": "Learn", "expectations": null}}, {"model": "main.job", "pk": "job22", "fields": {"title": "job : 22", "type": "part time", "description": "Run the tests 22 time", "function": "Learn", "expectations": null}}, {"model": "main.job", "pk": "job23", "fields": {"title": "job : 23", "type": "part time", "description": "Run the tests 23 time", "function": "Learn", "expectations": null}}, {"model": "main.job", "pk": "job24", "fields": {"title": "job : 24", "type": "part time", "description": "Run the tests 24 time", "function": "Learn", "expectations": null}}, {"model": "main.job", "pk": "job25", "fields": {"title": "job : 25", "type": "part time", "description": "Run the tests 25 time", "function": "Learn", "expectations": null}}, {"model": "main.job", "pk": "job26", "fields": {"title": "job : 26", "type": "part time", "description": "Run the tests 26 time", "function": "Learn", "expectations": null}}, {"model": "main.job", "pk": "job27", "fields": {"title": "job : 27", "type": "part time", "description": "Run the tests 27 time", "function": "Learn", "expectations": null}}, {"model": "main.job", "pk": "job28", "fields": {"title": "job : 28", "type": "part time", "description": "Run the tests 28 time", "function": "Learn", "expectations": null}}, {"model": "main.job", "pk": "job29", "fields": {"title": "job : 29", "type": "part time", "description": "Run the tests 29 time", "function": "Learn", "expectations": null}}, {"model": "main.job", "pk": "job3", "fields": {"title": "job : 3", "type": "full time", "description": "Run the tests 3 time", "function": "Learn", "expectations": null}}, {"model": "main.job", "pk": "job4", "fields": {"title": "job : 4", "type": "full time", "description": "Run the tests 4 time", "function": "Learn", "expectations": null}}, {"model": "main.job", "pk": "job5", "fields": {"title": "job : 5", "type": "full time", "description": "Run the tests 5 time", "function": "Learn", "expectations": null}}, {"model": "main.job", "pk": "job6", "fields": {"title": "job : 6", "type": "full time", "description": "Run the tests 6 time", "function": "Learn", "expectations": null}}, {"model": "main.job", "pk": "job7", "fields": {"title": "job : 7", "type": "full time", "description": "Run the tests 7 time", "function": "Learn", "expectations": null}}, {"model": "main.job", "pk": "job8", "fields": {"title": "job : 8", "type": "full time", "description": "Run the tests 8 time", "function": "Learn", "expectations": null}}, {"model": "main.job", "pk": "job9", "fields": {"title": "job : 9", "type": "full time", "description": "Run the tests 9 time", "function": "Learn", "expectations": null}}, {"model": "main.location", "pk": "loc1", "fields": {"name": "NUST", "city": "Islamabad", "country": "Pakistan"}}, {"model": "main.location", "pk": "loc10", "fields": {"name": "Location 10", "city": null, "country": "Pakistan"}}, {"model": "main.location", "pk": "loc11", "fields": {"name": "Location 11", "city": "London", "country": "UK"}}, {"model": "main.location", "pk": "loc12", "fields": {"name": "Location 12", "city": "London", "country": "UK"}}, {"model": "main.location", "pk": "loc13", "fields": {"name": "Location 13", "city": "London", "country": "UK"}}, {"model": "main.location", "pk": "loc14", "fields": {"name": "Location 14", "city": "London", "country": "UK"}}, {"model": "main.location", "pk": "loc15", "fields": {"name": "Location 15", "city": "London", "country": "UK"}}, {"model": "main.location", "pk": "loc2", "fields": {"name": "FAST", "city": "Lahore", "country": "Pakistan"}}, {"model": "main.location", "pk": "loc3", "fields": {"name": "MIT", "city": null, "country": "USA"}}, {"model": "main.location", "pk": "loc4", "fields": {"name": "UET", "city": "Taxilla", "country": "Pakistan"}}, {"model": "main.location", "pk": "loc5", "fields": {"name": "Hotel Grandios", "city": "Mumbai", "country": "India"}}, {"model": "main.location", "pk": "loc6", "fields": {"name": "Location 6", "city": null, "country": "Pakistan"}}, {"model": "main.location", "pk": "loc7", "fields": {"name": "Location 7", "city": null, "country": "Pakistan"}}, {"model": "main.location", "pk": "loc8", "fields": {"name": "Location 8", "city": null, "country": "Pakistan"}}, {"model": "main.location", "pk": "loc9", "fields": {"name": "Location 9", "city": null, "country": "Pakistan"}}, {"model": "main.location", "pk": "ua_school", "fields": {"name": "UA Dorm 3", "city": null, "country": "Japan"}}, {"model": "main.fee", "pk": "fee1", "fields": {"amount": "$123"}}, {"model": "main.fee", "pk": "fee10", "fields": {"amount": "$2000"}}, {"model": "main.fee", "pk": "fee2", "fields": {"amount": "$456"}}, {"model": "main.fee", "pk": "fee3", "fields": {"amount": "$300"}}, {"model": "main.fee", "pk": "fee4", "fields": {"amount": "$400"}}, {"model": "main.fee", "pk": "fee5", "fields": {"amount": "$500"}}, {"model": "main.fee", "pk": "fee6", "fields": {"amount": "$600"}}, {"model": "main.fee", "pk": "fee7", "fields": {"amount": "$1400"}}, {"model": "main.fee", "pk": "fee8", "fields": {"amount": "$1600"}}, {"model": "main.fee", "pk": "fee9", "fields": {"amount": "$1800"}}, {"model": "main.salary", "pk": "salary1", "fields": {"amount": "$123"}}, {"model": "main.salary", "pk": "salary10", "fields": {"amount": "$3000"}}, {"model": "main.salary", "pk": "salary2", "fields": {"amount": "$123"}}, {"model": "main.salary", "pk": "salary3", "fields": {"amount": "$300"}}, {"model": "main.salary", "pk": "salary4", "fields": {"amount": "$400"}}, {"model": "main.salary", "pk": "salary5", "fields": {"amount": "$500"}}, {"model": "main.salary", "pk": "salary6", "fields": {"amount": "$600"}}, {"model": "main.salary", "pk": "salary7", "fields": {"amount": "$2100"}}, {"model": "main.salary", "pk": "salary8", "fields": {"amount": "$2400"}}, {"model": "main.salary", "pk": "salary9", "fields": {"amount": "$2700"}}, {"model": "main.grant", "pk": "grant1", "fields": {"amount": "$4000"}}, {"model": "main.grant", "pk": "grant10", "fields": {"amount": "$2500"}}, {"model": "main.grant", "pk": "grant2", "fields": {"amount": "$3443"}}, {"model": "main.grant", "pk": "grant3", "fields": {"amount": "$450"}}, {"model": "main.grant", "pk": "grant4", "fields": {"amount": "$600"}}, {"model": "main.grant", "pk": "grant5", "fields": {"amount": "$750"}}, {"model": "main.grant", "pk": "grant6", "fields": {"amount": "$900"}}, {"model": "main.grant", "pk": "grant7", "fields": {"amount": "$1750"}}, {"model": "main.grant", "pk": "grant8", "fields": {"amount": "$2000"}}, {"model": "main.grant", "pk": "grant9", "fields": {"amount": "$2250"}}, {"model": "main.expense", "pk": "expense1", "fields": {"amount": "$500", "description": "Travel Allowance"}}, {"model": "main.expense", "pk": "expense10", "fields": {"amount": "$7400", "description": "10 Cyber Attack Loss "}}, {"model": "main.expense", "pk": "expense2", "fields": {"amount": "$280", "description": "Damages of 2 furnitures"}}, {"model": "main.expense", "pk": "expense3", "fields": {"amount": "$420", "description": "Damages of 3 furnitures"}}, {"model": "main.expense", "pk": "expense4", "fields": {"amount": "$560", "description": "Damages of 4 furnitures"}}, {"model": "main.expense", "pk": "expense5", "fields": {"amount": "$700", "description": "Damages of 5 furnitures"}}, {"model": "main.expense", "pk": "expense6", "fields": {"amount": "$840", "description": "Damages of 6 furnitures"}}, {"model": "main.expense", "pk": "expense7", "fields": {"amount": "$5180", "description": "7 Cyber Attack Loss "}}, {"model": "main.expense", "pk": "expense8", "fields": {"amount": "$5920", "description": "8 Cyber Attack Loss "}}, {"model": "main.expense", "pk": "expense9", "fields": {"amount": "$6660", "description": "9 Cyber Attack Loss "}}, {"model": "main.qualifications", "pk": "my_way_scholarship", "fields": {"minimum": "Fresh Grads", "preferred": null}}, {"model": "main.qualifications", "pk": "qual1", "fields": {"minimum": "Python, C++", "preferred": "Python, C++, ARKit, Vuforia"}}, {"model": "main.qualifications", "pk": "qual10", "fields": {"minimum": "10 Papers Published", "preferred": null}}, {"model": "main.qualifications", "pk": "qual2", "fields": {"minimum": "2 tools\n7 techniques", "preferred": null}}, {"model": "main.qualifications", "pk": "qual3", "fields": {"minimum": "3 tools\n8 techniques", "preferred": null}}, {"model": "main.qualifications", "pk": "qual4", "fields": {"minimum": "4 tools\n9 techniques", "preferred": null}}, {"model": "main.qualifications", "pk": "qual5", "fields": {"minimum": "5 tools\n10 techniques", "preferred": null}}, {"model": "main.qualifications", "pk": "qual6", "fields": {"minimum": "6 tools\n11 techniques", "preferred": null}}, {"model": "main.qualifications", "pk": "qual7", "fields": {"minimum": "7 Papers Published", "preferred": null}}, {"model": "main.qualifications", "pk": "qual8", "fields": {"minimum": "8 Papers Published", "preferred": null}}, {"model": "main.qualifications", "pk": "qual9", "fields": {"minimum": "9 Papers Published", "preferred": null}}, {"model": "main.department", "pk": "10", "fields": {"name": "Department 10", "university": "loc10"}}, {"model": "main.department", "pk": "2", "fields": {"name": "Department 2", "university": "loc2"}}, {"model": "main.department", "pk": "3", "fields": {"name": "Department 3", "university": "loc3"}}, {"model": "main.department", "pk": "4", "fields": {"name": "Department 4", "university": "loc4"}}, {"model": "main.department", "pk": "5", "fields": {"name": "Department 5", "university": "loc5"}}, {"model": "main.department", "pk": "6", "fields": {"name": "Department 6", "university": "loc6"}}, {"model": "main.department", "pk": "7", "fields": {"name": "Department 7", "university": "loc7"}}, {"model": "main.department", "pk": "8", "fields": {"name": "Department 8", "university": "loc8"}}, {"model": "main.department", "pk": "9", "fields": {"name": "Department 9", "university": "loc9"}}, {"model": "main.department", "pk": "cs_dept_mit", "fields": {"name": "CS MIT", "university": "loc3"}}, {"model": "main.department", "pk": "cs_nust_dept", "fields": {"name": "CS SEECS", "university": "loc1"}}, {"model": "main.field", "pk": "2", "fields": {"name": "Field 2", "department": "2"}}, {"model": "main.field", "pk": "3", "fields": {"name": "Field 3", "department": "3"}}, {"model": "main.field", "pk": "4", "fields": {"name": "Field 4", "department": "4"}}, {"model": "main.field", "pk": "5", "fields": {"name": "Field 5", "department": "5"}}, {"model": "main.field", "pk": "6", "fields": {"name": "Field 6", "department": "6"}}, {"model": "main.field", "pk": "7", "fields": {"name": "Field 7", "department": "5"}}, {"model": "main.field", "pk": "8", "fields": {"name": "Field 8", "department": "5"}}, {"model": "main.field", "pk": "9", "fields": {"name": "Field 9", "department": "5"}}, {"model": "main.field", "pk": "tukl seecs", "fields": {"name": "TUKL Lab", "department": "cs_nust_dept"}}, {"model": "main.submissionform", "pk": "AR_Job_Form", "fields": {"title": "AR Job", "required_docs": "Transcript", "steps_to_apply": "Go to Website"}}, {"model": "main.submissionform", "pk": "form1", "fields": {"title": "Job 1 Form", "required_docs": "Transcript", "steps_to_apply": "Go to Website"}}, {"model": "main.submissionform", "pk": "form2", "fields": {"title": "Scholarship Thing", "required_docs": "Docs", "steps_to_apply": "Get PDF"}}, {"model": "main.submissionform", "pk": "form3", "fields": {"title": "About 3 Jobs", "required_docs": "Degree", "steps_to_apply": "Follow Youtube Channel for more information"}}, {"model": "main.submissionform", "pk": "form4", "fields": {"title": "About 4 Jobs", "required_docs": "Degree", "steps_to_apply": "Follow Youtube Channel for more information"}}, {"model": "main.submissionform", "pk": "form5", "fields": {"title": "About 5 Jobs", "required_docs": "Degree", "steps_to_apply": "Follow Youtube Channel for more information"}}, {"model": "main.submissionform", "pk": "form6", "fields": {"title": "6th Scholarship", "required_docs": "Transcript", "steps_to_apply": "Visit Website"}}, {"model": "main.submissionform", "pk": "form7", "fields": {"title": "7th Scholarship", "required_docs": "Transcript", "steps_to_apply": "Visit Website"}}, {"model": "main.submissionform", "pk": "form8", "fields": {"title": "8th Scholarship", "required_docs": "Transcript", "steps_to_apply": "Visit Website"}}, {"model": "main.submissionform", "pk": "form9", "fields": {"title": "9th Scholarship", "required_docs": "Transcript", "steps_to_apply": "Visit Website"}}, {"model": "main.submissionform", "pk": "my_way_scholarship", "fields": {"title": "MY Way Scholarship", "required_docs": "Transcript", "steps_to_apply": "Follow the Facebook page for complete guide"}}, {"model": "main.sponsor", "pk": "UA", "fields": {"name": "UA"}}, {"model": "main.sponsor", "pk": "spon1", "fields": {"name": "Nintendo"}}, {"model": "main.sponsor", "pk": "spon2", "fields": {"name": "Sony"}}, {"model": "main.tenure", "pk": "AR_job_tenure", "fields": {"start_date": "2018-09-01T06:00:00Z", "duration": "50 00:00:00"}}, {"model": "main.tenure", "pk": "my_way_scholarship", "fields": {"start_date": "2018-09-16T00:00:00Z", "duration": "365 00:00:00"}}, {"model": "main.tenure", "pk": "tenure_1", "fields": {"start_date": "2018-07-18T06:52:16.857Z", "duration": "30 00:00:00"}}, {"model": "main.tenure", "pk": "tenure_2", "fields": {"start_date": "2018-07-18T06:54:42.595Z", "duration": "90 00:00:00"}}, {"model": "main.tenure", "pk": "tenure_3", "fields": {"start_date": "2018-10-03T00:00:00Z", "duration": "45 00:00:00"}}, {"model": "main.tenure", "pk": "tenure_4", "fields": {"start_date": "2018-10-04T00:00:00Z", "duration": "60 00:00:00"}}, {"model": "main.tenure", "pk": "tenure_5", "fields": {"start_date": "2018-10-05T00:00:00Z", "duration": "75 00:00:00"}}, {"model": "main.tenure", "pk": "tenure_7", "fields": {"start_date": "2019-02-07T12:00:00Z", "duration": "3 00:00:00"}}, {"model": "main.about", "pk": "about_1", "fields": {"title": "PhD Position", "description": "Job For Noobs"}}, {"model": "main.about", "pk": "about_10", "fields": {"title": "About the 10", "description": "Dont Play with 10 games"}}, {"model": "main.about", "pk": "about_2", "fields": {"title": "Animal Computer Interaction", "description": "Publish any cruel thing you did on Animals!!!"}}, {"model": "main.about", "pk": "about_3", "fields": {"title": "Nintendo Scholarship", "description": "Get Our consoles and stuff and you are eligible for the scholarship"}}, {"model": "main.about", "pk": "about_4", "fields": {"title": "MPhill", "description": "Job For Noobs"}}, {"model": "main.about", "pk": "about_5", "fields": {"title": "Sony Conference", "description": "Gaming Enthusiastics"}}, {"model": "main.about", "pk": "about_6", "fields": {"title": "About the 6", "description": "Dont Play with 6 games"}}, {"model": "main.about", "pk": "about_7", "fields": {"title": "About the 7", "description": "Dont Play with 7 games"}}, {"model": "main.about", "pk": "about_8", "fields": {"title": "About the 8", "description": "Dont Play with 8 games"}}, {"model": "main.about", "pk": "about_9", "fields": {"title": "About the 9", "description": "Dont Play with 9 games"}}, {"model": "main.about", "pk": "my_way_scholarship", "fields": {"title": "MY Way Scholarship", "description": "Personal Corporation's very first scholarship for the newcomers."}}, {"model": "main.about", "pk": "sch_2", "fields": {"title": "UA Scholarship", "description": "UA Scholarship for Heroes"}}, {"model": "main.about", "pk": "ua_conference", "fields": {"title": "UA High School Conference", "description": "An in-depth walkthrough of why the UA is best for Hero course. The Pro heroes will be there as well."}}, {"model": "main.specialization", "pk": "AR", "fields": {"title": "Augmented Reality", "description": "augments real world, You Know"}}, {"model": "main.specialization", "pk": "ML", "fields": {"title": "Machine Learning", "description": "Just run Library functions and you are Expert"}}, {"model": "main.specialization", "pk": "Something", "fields": {"title": "something", "description": "rainbow"}}, {"model": "main.specialization", "pk": "WD", "fields": {"title": "Web development", "description": "Just Grinding"}}, {"model": "main.specialization", "pk": "crawling", "fields": {"title": "Web Crawling", "description": "Just send requests to server and kill it"}}, {"model": "main.specialization", "pk": "quirk", "fields": {"title": "Quirks", "description": "Powers"}}, {"model": "main.specialization", "pk": "special_10", "fields": {"title": "About the 10", "description": "Dont Play with 10 games"}}, {"model": "main.specialization", "pk": "special_6", "fields": {"title": "About the 6", "description": "Dont Play with 6 games"}}, {"model": "main.specialization", "pk": "special_7", "fields": {"title": "About the 7", "description": "Dont Play with 7 games"}}, {"model": "main.specialization", "pk": "special_8", "fields": {"title": "About the 8", "description": "Dont Play with 8 games"}}, {"model": "main.specialization", "pk": "special_9", "fields": {"title": "About the 9", "description": "Dont Play with 9 games"}}, {"model": "main.contact", "pk": "contact_1", "fields": {"email": "email@email.com", "phone": "090078601"}}, {"model": "main.contact", "pk": "contact_10", "fields": {"email": "email_10@email.com", "phone": "10000"}}, {"model": "main.contact", "pk": "contact_2", "fields": {"email": "email_2@email.com", "phone": "2000"}}, {"model": "main.contact", "pk": "contact_3", "fields": {"email": "email_3@email.com", "phone": "3000"}}, {"model": "main.contact", "pk": "contact_4", "fields": {"email": "email_4@email.com", "phone": "4000"}}, {"model": "main.contact", "pk": "contact_5", "fields": {"email": "email_5@email.com", "phone": "5000"}}, {"model": "main.contact", "pk": "contact_6", "fields": {"email": "email_6@email.com", "phone": "6000"}}, {"model": "main.contact", "pk": "contact_7", "fields": {"email": "email_7@email.com", "phone": "7000"}}, {"model": "main.contact", "pk": "contact_8", "fields": {"email": "email_8@email.com", "phone": "8000"}}, {"model": "main.contact", "pk": "contact_9", "fields": {"email": "email_9@email.com", "phone": "9000"}}, {"model": "main.user", "pk": "professor_2", "fields": {"name": "professor 2", "email": "professor2@email.com", "password": "2126", "age": 20, "gender": null}}, {"model": "main.user", "pk": "professor_3", "fields": {"name": "professor 3", "email": "professor3@email.com", "password": "3139", "age": 21, "gender": null}}, {"model": "main.user", "pk": "professor_4", "fields": {"name": "professor 4", "email": "professor4@email.com", "password": "41412", "age": 22, "gender": null}}, {"model": "main.user", "pk": "professor_5", "fields": {"name": "professor 5", "email": "professor5@email.com", "password": "51515", "age": 23, "gender": null}}, {"model": "main.user", "pk": "student_2", "fields": {"name": "Student 2", "email": "student2@email.com", "password": "2126", "age": 20, "gender": null}}, {"model": "main.user", "pk": "student_3", "fields": {"name": "Student 3", "email": "student3@email.com", "password": "3139", "age": 21, "gender": null}}, {"model": "main.user", "pk": "student_4", "fields": {"name": "Student 4", "email": "student4@email.com", "password": "41412", "age": 22, "gender": null}}, {"model": "main.user", "pk": "student_5", "fields": {"name": "Student 5", "email": "student5@email.com", "password": "51515", "age": 23, "gender": null}}, {"model": "main.student", "pk": "student_2", "fields": {"experience": 4.0, "skills": []}}, {"model": "main.student", "pk": "student_3", "fields": {"experience": 4.0, "skills": []}}, {"model": "main.student", "pk": "student_4", "fields": {"experience": 4.0, "skills": []}}, {"model": "main.student", "pk": "student_5", "fields": {"experience": 4.0, "skills": []}}, {"model": "main.professor", "pk": "professor_2", "fields": {"related_university": "loc2", "expertise": ["special_6"]}}, {"model": "main.professor", "pk": "professor_3", "fields": {"related_university": "loc3", "expertise": ["special_7"]}}, {"model": "main.professor", "pk": "professor_4", "fields": {"related_university": "loc4", "expertise": ["special_8"]}}, {"model": "main.professor", "pk": "professor_5", "fields": {"related_university": "loc5", "expertise": ["special_9"]}}, {"model": "main.studentposition", "pk": "AR_Job_Form", "fields": {"experience_required": "2-4 Years", "deadline": "2018-07-31T06:00:00Z", "source": "Facebook", "job": "AR_Expert", "submission_form": "AR_Job_Form", "job_location": "loc7", "fee": "fee1", "salary": "salary10", "requirements": "qual1", "job_provider": "professor_2", "duration": "my_way_scholarship", "skills_covered": ["AR"], "contacts": ["contact_2"]}}, {"model": "main.studentposition", "pk": "some_job", "fields": {"experience_required": "1-2 Years", "deadline": "2018-08-01T00:00:00Z", "source": "Hello Darkness", "job": "job2", "submission_form": "form1", "job_location": "loc1", "fee": null, "salary": "salary3", "requirements": "qual3", "job_provider": "professor_4", "duration": "tenure_5", "skills_covered": ["ML"], "contacts": ["contact_2"]}}, {"model": "main.scholarship", "pk": "my_way_scholarship", "fields": {"funding": 200000.0, "number_of_positions": 10, "deadline": "2018-07-31T06:00:00Z", "scholarship_maintenance_criteria": "4.0 GPA", "perks_offered": "Free Lunch ;)", "source": "Wiki Leaks", "information": "about_6", "application_form": "form6", "amount_granted": "grant1", "criteria": "qual10", "duration": "my_way_scholarship", "fields_of_interest": ["ML", "AR"], "contacts": ["contact_3", "contact_4"], "host_universities": ["loc10", "loc11", "loc2", "loc3", "loc12", "loc1", "loc6", "loc4", "loc5", "loc8"], "sponsors": ["spon1"]}}, {"model": "main.scholarship", "pk": "sch_1", "fields": {"funding": 500000.0, "number_of_positions": 18, "deadline": "2018-07-28T12:00:00Z", "scholarship_maintenance_criteria": "Maintain the 3.5 CGPA", "perks_offered": "Nothing", "source": "Facebook.com", "information": "about_3", "application_form": "form2", "amount_granted": "grant1", "criteria": "my_way_scholarship", "duration": "my_way_scholarship", "fields_of_interest": ["WD", "special_10", "AR", "crawling"], "contacts": ["contact_1", "contact_2"], "host_universities": ["ua_school", "loc10", "loc11", "loc12", "loc1", "loc14", "loc4", "loc5", "loc8"], "sponsors": ["UA", "spon1"]}}, {"model": "main.conference", "pk": "conf_1", "fields": {"call_for_paper_deadline": "2018-08-01T00:00:00Z", "key_speakers": "MYself", "source": "google.com", "ranking": "A*", "info": "about_5", "duration": "my_way_scholarship", "conference_venue": "loc5", "fields_of_interest": ["WD", "quirk", "ML", "AR", "Something", "crawling"], "contacts": ["contact_1", "contact_10", "contact_3"], "sponsors": ["UA", "spon1", "spon2"], "covered_expenses": ["expense1", "expense2", "expense10"]}}, {"model": "main.conference", "pk": "ua_conference", "fields": {"call_for_paper_deadline": "2018-07-31T06:00:00Z", "key_speakers": "All Might", "source": "UA Website", "ranking": null, "info": "ua_conference", "duration": "tenure_4", "conference_venue": "ua_school", "fields_of_interest": ["quirk"], "contacts": ["contact_2", "contact_3"], "sponsors": ["UA", "spon1", "spon2"], "covered_expenses": ["expense5", "expense10", "expense2"]}}, {"model": "contenttypes.contenttype", "pk": 1, "fields": {"app_label": "admin", "model": "logentry"}}, {"model": "contenttypes.contenttype", "pk": 2, "fields": {"app_label": "auth", "model": "group"}}, {"model": "contenttypes.contenttype", "pk": 3, "fields": {"app_label": "auth", "model": "permission"}}, {"model": "contenttypes.contenttype", "pk": 4, "fields": {"app_label": "auth", "model": "user"}}, {"model": "contenttypes.contenttype", "pk": 5, "fields": {"app_label": "main", "model": "department"}}, {"model": "contenttypes.contenttype", "pk": 6, "fields": {"app_label": "main", "model": "scholarship"}}, {"model": "contenttypes.contenttype", "pk": 7, "fields": {"app_label": "main", "model": "about"}}, {"model": "contenttypes.contenttype", "pk": 8, "fields": {"app_label": "main", "model": "conference"}}, {"model": "contenttypes.contenttype", "pk": 9, "fields": {"app_label": "main", "model": "sponsor"}}, {"model": "contenttypes.contenttype", "pk": 10, "fields": {"app_label": "main", "model": "submissionform"}}, {"model": "contenttypes.contenttype", "pk": 11, "fields": {"app_label": "main", "model": "grant"}}, {"model": "contenttypes.contenttype", "pk": 12, "fields": {"app_label": "main", "model": "fee"}}, {"model": "contenttypes.contenttype", "pk": 13, "fields": {"app_label": "main", "model": "tenure"}}, {"model": "contenttypes.contenttype", "pk": 14, "fields": {"app_label": "main", "model": "location"}}, {"model": "contenttypes.contenttype", "pk": 15, "fields": {"app_label": "main", "model": "job"}}, {"model": "contenttypes.contenttype", "pk": 16, "fields": {"app_label": "main", "model": "qualifications"}}, {"model": "contenttypes.contenttype", "pk": 17, "fields": {"app_label": "main", "model": "contact"}}, {"model": "contenttypes.contenttype", "pk": 18, "fields": {"app_label": "main", "model": "schedule"}}, {"model": "contenttypes.contenttype", "pk": 19, "fields": {"app_label": "main", "model": "field"}}, {"model": "contenttypes.contenttype", "pk": 20, "fields": {"app_label": "main", "model": "studentposition"}}, {"model": "contenttypes.contenttype", "pk": 21, "fields": {"app_label": "main", "model": "salary"}}, {"model": "contenttypes.contenttype", "pk": 22, "fields": {"app_label": "main", "model": "expense"}}, {"model": "contenttypes.contenttype", "pk": 23, "fields": {"app_label": "main", "model": "user"}}, {"model": "contenttypes.contenttype", "pk": 24, "fields": {"app_label": "main", "model": "specialization"}}, {"model": "contenttypes.contenttype", "pk": 25, "fields": {"app_label": "main", "model": "professor"}}, {"model": "contenttypes.contenttype", "pk": 26, "fields": {"app_label": "main", "model": "student"}}, {"model": "contenttypes.contenttype", "pk": 27, "fields": {"app_label": "contenttypes", "model": "contenttype"}}, {"model": "contenttypes.contenttype", "pk": 28, "fields": {"app_label": "sessions", "model": "session"}}, {"model": "contenttypes.contenttype", "pk": 29, "fields": {"app_label": "main", "model": "professor_expertise"}}, {"model": "sessions.session", "pk": "budd8czzymyij9kgsppcv7f7pwe4sou4", "fields": {"session_data": "YTIwYTYzZjI5MDk1NDUyZThkMWIzZDdkZGZjMThkNzI0ZjE4ZTMzMjp7Il9hdXRoX3VzZXJfYmFja2VuZCI6ImRqYW5nby5jb250cmliLmF1dGguYmFja2VuZHMuTW9kZWxCYWNrZW5kIiwiX2F1dGhfdXNlcl9oYXNoIjoiNTBjNTFiNDRmZTJiNTY3NzFhMTAxNDliNzYzODUxNjQwYmQxNTNhZiIsIl9hdXRoX3VzZXJfaWQiOiIxIiwiY29uZiI6Im15X3dheV9zY2hvbGFyc2hpcCJ9", "expire_date": "2018-08-06T07:32:34.165Z"}}, {"model": "auth.permission", "pk": 1, "fields": {"name": "Can add log entry", "content_type": 1, "codename": "add_logentry"}}, {"model": "auth.permission", "pk": 2, "fields": {"name": "Can change log entry", "content_type": 1, "codename": "change_logentry"}}, {"model": "auth.permission", "pk": 3, "fields": {"name": "Can delete log entry", "content_type": 1, "codename": "delete_logentry"}}, {"model": "auth.permission", "pk": 4, "fields": {"name": "Can add group", "content_type": 2, "codename": "add_group"}}, {"model": "auth.permission", "pk": 5, "fields": {"name": "Can change group", "content_type": 2, "codename": "change_group"}}, {"model": "auth.permission", "pk": 6, "fields": {"name": "Can delete group", "content_type": 2, "codename": "delete_group"}}, {"model": "auth.permission", "pk": 7, "fields": {"name": "Can add permission", "content_type": 3, "codename": "add_permission"}}, {"model": "auth.permission", "pk": 8, "fields": {"name": "Can change permission", "content_type": 3, "codename": "change_permission"}}, {"model": "auth.permission", "pk": 9, "fields": {"name": "Can delete permission", "content_type": 3, "codename": "delete_permission"}}, {"model": "auth.permission", "pk": 10, "fields": {"name": "Can add user", "content_type": 4, "codename": "add_user"}}, {"model": "auth.permission", "pk": 11, "fields": {"name": "Can change user", "content_type": 4, "codename": "change_user"}}, {"model": "auth.permission", "pk": 12, "fields": {"name": "Can delete user", "content_type": 4, "codename": "delete_user"}}, {"model": "auth.permission", "pk": 13, "fields": {"name": "Can add department", "content_type": 5, "codename": "add_department"}}, {"model": "auth.permission", "pk": 14, "fields": {"name": "Can change department", "content_type": 5, "codename": "change_department"}}, {"model": "auth.permission", "pk": 15, "fields": {"name": "Can delete department", "content_type": 5, "codename": "delete_department"}}, {"model": "auth.permission", "pk": 16, "fields": {"name": "Can add scholarship", "content_type": 6, "codename": "add_scholarship"}}, {"model": "auth.permission", "pk": 17, "fields": {"name": "Can change scholarship", "content_type": 6, "codename": "change_scholarship"}}, {"model": "auth.permission", "pk": 18, "fields": {"name": "Can delete scholarship", "content_type": 6, "codename": "delete_scholarship"}}, {"model": "auth.permission", "pk": 19, "fields": {"name": "Can add about", "content_type": 7, "codename": "add_about"}}, {"model": "auth.permission", "pk": 20, "fields": {"name": "Can change about", "content_type": 7, "codename": "change_about"}}, {"model": "auth.permission", "pk": 21, "fields": {"name": "Can delete about", "content_type": 7, "codename": "delete_about"}}, {"model": "auth.permission", "pk": 22, "fields": {"name": "Can add conference", "content_type": 8, "codename": "add_conference"}}, {"model": "auth.permission", "pk": 23, "fields": {"name": "Can change conference", "content_type": 8, "codename": "change_conference"}}, {"model": "auth.permission", "pk": 24, "fields": {"name": "Can delete conference", "content_type": 8, "codename": "delete_conference"}}, {"model": "auth.permission", "pk": 25, "fields": {"name": "Can add sponsor", "content_type": 9, "codename": "add_sponsor"}}, {"model": "auth.permission", "pk": 26, "fields": {"name": "Can change sponsor", "content_type": 9, "codename": "change_sponsor"}}, {"model": "auth.permission", "pk": 27, "fields": {"name": "Can delete sponsor", "content_type": 9, "codename": "delete_sponsor"}}, {"model": "auth.permission", "pk": 28, "fields": {"name": "Can add submission form", "content_type": 10, "codename": "add_submissionform"}}, {"model": "auth.permission", "pk": 29, "fields": {"name": "Can change submission form", "content_type": 10, "codename": "change_submissionform"}}, {"model": "auth.permission", "pk": 30, "fields": {"name": "Can delete submission form", "content_type": 10, "codename": "delete_submissionform"}}, {"model": "auth.permission", "pk": 31, "fields": {"name": "Can add grant", "content_type": 11, "codename": "add_grant"}}, {"model": "auth.permission", "pk": 32, "fields": {"name": "Can change grant", "content_type": 11, "codename": "change_grant"}}, {"model": "auth.permission", "pk": 33, "fields": {"name": "Can delete grant", "content_type": 11, "codename": "delete_grant"}}, {"model": "auth.permission", "pk": 34, "fields": {"name": "Can add fee", "content_type": 12, "codename": "add_fee"}}, {"model": "auth.permission", "pk": 35, "fields": {"name": "Can change fee", "content_type": 12, "codename": "change_fee"}}, {"model": "auth.permission", "pk": 36, "fields": {"name": "Can delete fee", "content_type": 12, "codename": "delete_fee"}}, {"model": "auth.permission", "pk": 37, "fields": {"name": "Can add tenure", "content_type": 13, "codename": "add_tenure"}}, {"model": "auth.permission", "pk": 38, "fields": {"name": "Can change tenure", "content_type": 13, "codename": "change_tenure"}}, {"model": "auth.permission", "pk": 39, "fields": {"name": "Can delete tenure", "content_type": 13, "codename": "delete_tenure"}}, {"model": "auth.permission", "pk": 40, "fields": {"name": "Can add location", "content_type": 14, "codename": "add_location"}}, {"model": "auth.permission", "pk": 41, "fields": {"name": "Can change location", "content_type": 14, "codename": "change_location"}}, {"model": "auth.permission", "pk": 42, "fields": {"name": "Can delete location", "content_type": 14, "codename": "delete_location"}}, {"model": "auth.permission", "pk": 43, "fields": {"name": "Can add job", "content_type": 15, "codename": "add_job"}}, {"model": "auth.permission", "pk": 44, "fields": {"name": "Can change job", "content_type": 15, "codename": "change_job"}}, {"model": "auth.permission", "pk": 45, "fields": {"name": "Can delete job", "content_type": 15, "codename": "delete_job"}}, {"model": "auth.permission", "pk": 46, "fields": {"name": "Can add qualifications", "content_type": 16, "codename": "add_qualifications"}}, {"model": "auth.permission", "pk": 47, "fields": {"name": "Can change qualifications", "content_type": 16, "codename": "change_qualifications"}}, {"model": "auth.permission", "pk": 48, "fields": {"name": "Can delete qualifications", "content_type": 16, "codename": "delete_qualifications"}}, {"model": "auth.permission", "pk": 49, "fields": {"name": "Can add contact", "content_type": 17, "codename": "add_contact"}}, {"model": "auth.permission", "pk": 50, "fields": {"name": "Can change contact", "content_type": 17, "codename": "change_contact"}}, {"model": "auth.permission", "pk": 51, "fields": {"name": "Can delete contact", "content_type": 17, "codename": "delete_contact"}}, {"model": "auth.permission", "pk": 52, "fields": {"name": "Can add schedule", "content_type": 18, "codename": "add_schedule"}}, {"model": "auth.permission", "pk": 53, "fields": {"name": "Can change schedule", "content_type": 18, "codename": "change_schedule"}}, {"model": "auth.permission", "pk": 54, "fields": {"name": "Can delete schedule", "content_type": 18, "codename": "delete_schedule"}}, {"model": "auth.permission", "pk": 55, "fields": {"name": "Can add field", "content_type": 19, "codename": "add_field"}}, {"model": "auth.permission", "pk": 56, "fields": {"name": "Can change field", "content_type": 19, "codename": "change_field"}}, {"model": "auth.permission", "pk": 57, "fields": {"name": "Can delete field", "content_type": 19, "codename": "delete_field"}}, {"model": "auth.permission", "pk": 58, "fields": {"name": "Can add student position", "content_type": 20, "codename": "add_studentposition"}}, {"model": "auth.permission", "pk": 59, "fields": {"name": "Can change student position", "content_type": 20, "codename": "change_studentposition"}}, {"model": "auth.permission", "pk": 60, "fields": {"name": "Can delete student position", "content_type": 20, "codename": "delete_studentposition"}}, {"model": "auth.permission", "pk": 61, "fields": {"name": "Can add salary", "content_type": 21, "codename": "add_salary"}}, {"model": "auth.permission", "pk": 62, "fields": {"name": "Can change salary", "content_type": 21, "codename": "change_salary"}}, {"model": "auth.permission", "pk": 63, "fields": {"name": "Can delete salary", "content_type": 21, "codename": "delete_salary"}}, {"model": "auth.permission", "pk": 64, "fields": {"name": "Can add expense", "content_type": 22, "codename": "add_expense"}}, {"model": "auth.permission", "pk": 65, "fields": {"name": "Can change expense", "content_type": 22, "codename": "change_expense"}}, {"model": "auth.permission", "pk": 66, "fields": {"name": "Can delete expense", "content_type": 22, "codename": "delete_expense"}}, {"model": "auth.permission", "pk": 67, "fields": {"name": "Can add user", "content_type": 23, "codename": "add_user"}}, {"model": "auth.permission", "pk": 68, "fields": {"name": "Can change user", "content_type": 23, "codename": "change_user"}}, {"model": "auth.permission", "pk": 69, "fields": {"name": "Can delete user", "content_type": 23, "codename": "delete_user"}}, {"model": "auth.permission", "pk": 70, "fields": {"name": "Can add specialization", "content_type": 24, "codename": "add_specialization"}}, {"model": "auth.permission", "pk": 71, "fields": {"name": "Can change specialization", "content_type": 24, "codename": "change_specialization"}}, {"model": "auth.permission", "pk": 72, "fields": {"name": "Can delete specialization", "content_type": 24, "codename": "delete_specialization"}}, {"model": "auth.permission", "pk": 73, "fields": {"name": "Can add professor", "content_type": 25, "codename": "add_professor"}}, {"model": "auth.permission", "pk": 74, "fields": {"name": "Can change professor", "content_type": 25, "codename": "change_professor"}}, {"model": "auth.permission", "pk": 75, "fields": {"name": "Can delete professor", "content_type": 25, "codename": "delete_professor"}}, {"model": "auth.permission", "pk": 76, "fields": {"name": "Can add student", "content_type": 26, "codename": "add_student"}}, {"model": "auth.permission", "pk": 77, "fields": {"name": "Can change student", "content_type": 26, "codename": "change_student"}}, {"model": "auth.permission", "pk": 78, "fields": {"name": "Can delete student", "content_type": 26, "codename": "delete_student"}}, {"model": "auth.permission", "pk": 79, "fields": {"name": "Can add content type", "content_type": 27, "codename": "add_contenttype"}}, {"model": "auth.permission", "pk": 80, "fields": {"name": "Can change content type", "content_type": 27, "codename": "change_contenttype"}}, {"model": "auth.permission", "pk": 81, "fields": {"name": "Can delete content type", "content_type": 27, "codename": "delete_contenttype"}}, {"model": "auth.permission", "pk": 82, "fields": {"name": "Can add session", "content_type": 28, "codename": "add_session"}}, {"model": "auth.permission", "pk": 83, "fields": {"name": "Can change session", "content_type": 28, "codename": "change_session"}}, {"model": "auth.permission", "pk": 84, "fields": {"name": "Can delete session", "content_type": 28, "codename": "delete_session"}}, {"model": "auth.user", "pk": 1, "fields": {"password": "pbkdf2_sha256$36000$gv53MB7ntjS3$kGrybZt+s8PtPU/Xo0XzhSlEyQ55/LxBqvG9JKollrE=", "last_login": "2018-07-23T07:18:48.046Z", "is_superuser": true, "username": "dawoud", "first_name": "", "last_name": "", "email": "dawoud.sheraz@arbisoft.com", "is_staff": true, "is_active": true, "date_joined": "2018-07-23T07:17:39.023Z", "groups": [], "user_permissions": []}}, {"model": "admin.logentry", "pk": 1, "fields": {"action_time": "2018-07-23T07:22:41.250Z", "user": 1, "content_type": 8, "object_id": "conf_1", "object_repr": "Sony Conference", "action_flag": 1, "change_message": "[{\"added\": {}}]"}}, {"model": "admin.logentry", "pk": 2, "fields": {"action_time": "2018-07-23T07:24:59.143Z", "user": 1, "content_type": 8, "object_id": "ua_conference", "object_repr": "UA High School Conference", "action_flag": 1, "change_message": "[{\"added\": {}}]"}}, {"model": "admin.logentry", "pk": 3, "fields": {"action_time": "2018-07-23T07:26:57.158Z", "user": 1, "content_type": 6, "object_id": "my_way_scholarship", "object_repr": "About the 6", "action_flag": 1, "change_message": "[{\"added\": {}}]"}}, {"model": "admin.logentry", "pk": 4, "fields": {"action_time": "2018-07-23T07:28:52.898Z", "user": 1, "content_type": 6, "object_id": "sch_1", "object_repr": "Nintendo Scholarship", "action_flag": 1, "change_message": "[{\"added\": {}}]"}}, {"model": "admin.logentry", "pk": 5, "fields": {"action_time": "2018-07-23T07:30:02.811Z", "user": 1, "content_type": 20, "object_id": "AR_Job_Form", "object_repr": "AR Analyst", "action_flag": 1, "change_message": "[{\"added\": {}}]"}}, {"model": "admin.logentry", "pk": 6, "fields": {"action_time": "2018-07-23T07:30:52.621Z", "user": 1, "content_type": 20, "object_id": "some_job", "object_repr": "Game Developer", "action_flag": 1, "change_message": "[{\"added\": {}}]"}}]