[{"model": "main.job", "pk": 1, "fields": {"title": "Job 70", "type": "part time", "description": "job 70 is all about Battle", "function": "Operate 35 machina", "expectations": "Do work"}}, {"model": "main.job", "pk": 2, "fields": {"title": "Job 71", "type": "part time", "description": "job 71 is all about Battle", "function": "Operate 35 machina", "expectations": "Do work"}}, {"model": "main.job", "pk": 3, "fields": {"title": "Job 72", "type": "part time", "description": "job 72 is all about Battle", "function": "Operate 36 machina", "expectations": "Do work"}}, {"model": "main.job", "pk": 4, "fields": {"title": "Job 73", "type": "part time", "description": "job 73 is all about Battle", "function": "Operate 36 machina", "expectations": "Do work"}}, {"model": "main.job", "pk": 5, "fields": {"title": "Job 74", "type": "part time", "description": "job 74 is all about Battle", "function": "Operate 37 machina", "expectations": "Do work"}}, {"model": "main.job", "pk": 6, "fields": {"title": "Job 75", "type": "part time", "description": "job 75 is all about Battle", "function": "Operate 37 machina", "expectations": "Do work"}}, {"model": "main.job", "pk": 7, "fields": {"title": "Job 76", "type": "part time", "description": "job 76 is all about Battle", "function": "Operate 38 machina", "expectations": "Do work"}}, {"model": "main.job", "pk": 8, "fields": {"title": "Job 77", "type": "part time", "description": "job 77 is all about Battle", "function": "Operate 38 machina", "expectations": "Do work"}}, {"model": "main.job", "pk": 9, "fields": {"title": "Job 78", "type": "part time", "description": "job 78 is all about Battle", "function": "Operate 39 machina", "expectations": "Do work"}}, {"model": "main.job", "pk": 10, "fields": {"title": "Job 79", "type": "part time", "description": "job 79 is all about Battle", "function": "Operate 39 machina", "expectations": "Do work"}}, {"model": "main.job", "pk": 11, "fields": {"title": "Job 80", "type": "part time", "description": "job 80 is all about Battle", "function": "Operate 40 machina", "expectations": "Do work"}}, {"model": "main.job", "pk": 12, "fields": {"title": "Job 81", "type": "part time", "description": "job 81 is all about Battle", "function": "Operate 40 machina", "expectations": "Do work"}}, {"model": "main.job", "pk": 13, "fields": {"title": "Job 82", "type": "part time", "description": "job 82 is all about Battle", "function": "Operate 41 machina", "expectations": "Do work"}}, {"model": "main.job", "pk": 14, "fields": {"title": "Job 83", "type": "part time", "description": "job 83 is all about Battle", "function": "Operate 41 machina", "expectations": "Do work"}}, {"model": "main.job", "pk": 15, "fields": {"title": "Job 84", "type": "part time", "description": "job 84 is all about Battle", "function": "Operate 42 machina", "expectations": "Do work"}}, {"model": "main.job", "pk": 16, "fields": {"title": "Job 85", "type": "part time", "description": "job 85 is all about Battle", "function": "Operate 42 machina", "expectations": "Do work"}}, {"model": "main.job", "pk": 17, "fields": {"title": "Job 86", "type": "part time", "description": "job 86 is all about Battle", "function": "Operate 43 machina", "expectations": "Do work"}}, {"model": "main.job", "pk": 18, "fields": {"title": "Job 87", "type": "part time", "description": "job 87 is all about Battle", "function": "Operate 43 machina", "expectations": "Do work"}}, {"model": "main.job", "pk": 19, "fields": {"title": "Job 88", "type": "part time", "description": "job 88 is all about Battle", "function": "Operate 44 machina", "expectations": "Do work"}}, {"model": "main.job", "pk": 20, "fields": {"title": "Job 89", "type": "part time", "description": "job 89 is all about Battle", "function": "Operate 44 machina", "expectations": "Do work"}}, {"model": "main.location", "pk": 1, "fields": {"name": "Hogwarts School of Mystery", "city": null, "country": "UK"}}, {"model": "main.location", "pk": 2, "fields": {"name": "Location 70", "city": "City 70", "country": "Pakistan"}}, {"model": "main.location", "pk": 3, "fields": {"name": "Location 71", "city": "City 71", "country": "Pakistan"}}, {"model": "main.location", "pk": 4, "fields": {"name": "Location 72", "city": "City 72", "country": "Pakistan"}}, {"model": "main.location", "pk": 5, "fields": {"name": "Location 73", "city": "City 73", "country": "Pakistan"}}, {"model": "main.location", "pk": 6, "fields": {"name": "Location 74", "city": "City 74", "country": "Pakistan"}}, {"model": "main.location", "pk": 7, "fields": {"name": "Location 75", "city": "City 75", "country": "Pakistan"}}, {"model": "main.location", "pk": 8, "fields": {"name": "Location 76", "city": "City 76", "country": "Pakistan"}}, {"model": "main.location", "pk": 9, "fields": {"name": "Location 77", "city": "City 77", "country": "Pakistan"}}, {"model": "main.location", "pk": 10, "fields": {"name": "Location 78", "city": "City 78", "country": "Pakistan"}}, {"model": "main.location", "pk": 11, "fields": {"name": "Location 79", "city": "City 79", "country": "Pakistan"}}, {"model": "main.location", "pk": 12, "fields": {"name": "Location 80", "city": "City 80", "country": "Pakistan"}}, {"model": "main.location", "pk": 13, "fields": {"name": "Location 81", "city": "City 81", "country": "Pakistan"}}, {"model": "main.location", "pk": 14, "fields": {"name": "Location 82", "city": "City 82", "country": "Pakistan"}}, {"model": "main.location", "pk": 15, "fields": {"name": "Location 83", "city": "City 83", "country": "Pakistan"}}, {"model": "main.location", "pk": 16, "fields": {"name": "Location 84", "city": "City 84", "country": "Pakistan"}}, {"model": "main.location", "pk": 17, "fields": {"name": "Location 85", "city": "City 85", "country": "Pakistan"}}, {"model": "main.location", "pk": 18, "fields": {"name": "Location 86", "city": "City 86", "country": "Pakistan"}}, {"model": "main.location", "pk": 19, "fields": {"name": "Location 87", "city": "City 87", "country": "Pakistan"}}, {"model": "main.location", "pk": 20, "fields": {"name": "Location 88", "city": "City 88", "country": "Pakistan"}}, {"model": "main.location", "pk": 21, "fields": {"name": "Location 89", "city": "City 89", "country": "Pakistan"}}, {"model": "main.location", "pk": 22, "fields": {"name": "Fast", "city": "Lahore", "country": "Pakistan"}}, {"model": "main.fee", "pk": 1, "fields": {"amount": "$70"}}, {"model": "main.fee", "pk": 2, "fields": {"amount": "$71"}}, {"model": "main.fee", "pk": 3, "fields": {"amount": "$72"}}, {"model": "main.fee", "pk": 4, "fields": {"amount": "$73"}}, {"model": "main.fee", "pk": 5, "fields": {"amount": "$74"}}, {"model": "main.fee", "pk": 6, "fields": {"amount": "$75"}}, {"model": "main.fee", "pk": 7, "fields": {"amount": "$76"}}, {"model": "main.fee", "pk": 8, "fields": {"amount": "$77"}}, {"model": "main.fee", "pk": 9, "fields": {"amount": "$78"}}, {"model": "main.fee", "pk": 10, "fields": {"amount": "$79"}}, {"model": "main.fee", "pk": 11, "fields": {"amount": "$80"}}, {"model": "main.fee", "pk": 12, "fields": {"amount": "$81"}}, {"model": "main.fee", "pk": 13, "fields": {"amount": "$82"}}, {"model": "main.fee", "pk": 14, "fields": {"amount": "$83"}}, {"model": "main.fee", "pk": 15, "fields": {"amount": "$84"}}, {"model": "main.fee", "pk": 16, "fields": {"amount": "$85"}}, {"model": "main.fee", "pk": 17, "fields": {"amount": "$86"}}, {"model": "main.fee", "pk": 18, "fields": {"amount": "$87"}}, {"model": "main.fee", "pk": 19, "fields": {"amount": "$88"}}, {"model": "main.fee", "pk": 20, "fields": {"amount": "$89"}}, {"model": "main.salary", "pk": 1, "fields": {"amount": "$0"}}, {"model": "main.salary", "pk": 2, "fields": {"amount": "$1"}}, {"model": "main.salary", "pk": 3, "fields": {"amount": "$2"}}, {"model": "main.salary", "pk": 4, "fields": {"amount": "$3"}}, {"model": "main.salary", "pk": 5, "fields": {"amount": "$4"}}, {"model": "main.salary", "pk": 6, "fields": {"amount": "$5"}}, {"model": "main.salary", "pk": 7, "fields": {"amount": "$6"}}, {"model": "main.salary", "pk": 8, "fields": {"amount": "$7"}}, {"model": "main.salary", "pk": 9, "fields": {"amount": "$8"}}, {"model": "main.salary", "pk": 10, "fields": {"amount": "$9"}}, {"model": "main.grant", "pk": 1, "fields": {"amount": "$7035"}}, {"model": "main.grant", "pk": 2, "fields": {"amount": "$7135"}}, {"model": "main.grant", "pk": 3, "fields": {"amount": "$7236"}}, {"model": "main.grant", "pk": 4, "fields": {"amount": "$7336"}}, {"model": "main.grant", "pk": 5, "fields": {"amount": "$7437"}}, {"model": "main.grant", "pk": 6, "fields": {"amount": "$7537"}}, {"model": "main.grant", "pk": 7, "fields": {"amount": "$7638"}}, {"model": "main.grant", "pk": 8, "fields": {"amount": "$7738"}}, {"model": "main.grant", "pk": 9, "fields": {"amount": "$7839"}}, {"model": "main.grant", "pk": 10, "fields": {"amount": "$7939"}}, {"model": "main.grant", "pk": 11, "fields": {"amount": "$8040"}}, {"model": "main.grant", "pk": 12, "fields": {"amount": "$8140"}}, {"model": "main.grant", "pk": 13, "fields": {"amount": "$8241"}}, {"model": "main.grant", "pk": 14, "fields": {"amount": "$8341"}}, {"model": "main.grant", "pk": 15, "fields": {"amount": "$8442"}}, {"model": "main.grant", "pk": 16, "fields": {"amount": "$8542"}}, {"model": "main.grant", "pk": 17, "fields": {"amount": "$8643"}}, {"model": "main.grant", "pk": 18, "fields": {"amount": "$8743"}}, {"model": "main.grant", "pk": 19, "fields": {"amount": "$8844"}}, {"model": "main.grant", "pk": 20, "fields": {"amount": "$8944"}}, {"model": "main.grant", "pk": 21, "fields": {"amount": "$1500"}}, {"model": "main.grant", "pk": 22, "fields": {"amount": "$2500"}}, {"model": "main.expense", "pk": 1, "fields": {"amount": "$707160", "description": "Travel & Related Stuff : 70"}}, {"model": "main.expense", "pk": 2, "fields": {"amount": "$717261", "description": "Travel & Related Stuff : 71"}}, {"model": "main.expense", "pk": 3, "fields": {"amount": "$727362", "description": "Travel & Related Stuff : 72"}}, {"model": "main.expense", "pk": 4, "fields": {"amount": "$737463", "description": "Travel & Related Stuff : 73"}}, {"model": "main.expense", "pk": 5, "fields": {"amount": "$747564", "description": "Travel & Related Stuff : 74"}}, {"model": "main.expense", "pk": 6, "fields": {"amount": "$757665", "description": "Travel & Related Stuff : 75"}}, {"model": "main.expense", "pk": 7, "fields": {"amount": "$767766", "description": "Travel & Related Stuff : 76"}}, {"model": "main.expense", "pk": 8, "fields": {"amount": "$777867", "description": "Travel & Related Stuff : 77"}}, {"model": "main.expense", "pk": 9, "fields": {"amount": "$787968", "description": "Travel & Related Stuff : 78"}}, {"model": "main.expense", "pk": 10, "fields": {"amount": "$798069", "description": "Travel & Related Stuff : 79"}}, {"model": "main.expense", "pk": 11, "fields": {"amount": "$808170", "description": "Travel & Related Stuff : 80"}}, {"model": "main.expense", "pk": 12, "fields": {"amount": "$818271", "description": "Travel & Related Stuff : 81"}}, {"model": "main.expense", "pk": 13, "fields": {"amount": "$828372", "description": "Travel & Related Stuff : 82"}}, {"model": "main.expense", "pk": 14, "fields": {"amount": "$838473", "description": "Travel & Related Stuff : 83"}}, {"model": "main.expense", "pk": 15, "fields": {"amount": "$848574", "description": "Travel & Related Stuff : 84"}}, {"model": "main.expense", "pk": 16, "fields": {"amount": "$858675", "description": "Travel & Related Stuff : 85"}}, {"model": "main.expense", "pk": 17, "fields": {"amount": "$868776", "description": "Travel & Related Stuff : 86"}}, {"model": "main.expense", "pk": 18, "fields": {"amount": "$878877", "description": "Travel & Related Stuff : 87"}}, {"model": "main.expense", "pk": 19, "fields": {"amount": "$888978", "description": "Travel & Related Stuff : 88"}}, {"model": "main.expense", "pk": 20, "fields": {"amount": "$899079", "description": "Travel & Related Stuff : 89"}}, {"model": "main.qualifications", "pk": 1, "fields": {"minimum": "Python, C++", "preferred": "Minimum + AR"}}, {"model": "main.qualifications", "pk": 2, "fields": {"minimum": "Cooking Experience", "preferred": "MasterChef"}}, {"model": "main.qualifications", "pk": 3, "fields": {"minimum": "Python, C++", "preferred": "Python, C++, gliding"}}, {"model": "main.submissionform", "pk": 2, "fields": {"title": "Scholarship 70", "required_docs": "Transcript", "steps_to_apply": "Follow Website"}}, {"model": "main.submissionform", "pk": 3, "fields": {"title": "Scholarship 71", "required_docs": "Transcript", "steps_to_apply": "Follow Website"}}, {"model": "main.submissionform", "pk": 4, "fields": {"title": "Scholarship 72", "required_docs": "Transcript", "steps_to_apply": "Follow Website"}}, {"model": "main.submissionform", "pk": 5, "fields": {"title": "Scholarship 73", "required_docs": "Transcript", "steps_to_apply": "Follow Website"}}, {"model": "main.submissionform", "pk": 6, "fields": {"title": "Scholarship 74", "required_docs": "Transcript", "steps_to_apply": "Follow Website"}}, {"model": "main.submissionform", "pk": 7, "fields": {"title": "Scholarship 75", "required_docs": "Transcript", "steps_to_apply": "Follow Website"}}, {"model": "main.submissionform", "pk": 8, "fields": {"title": "Scholarship 76", "required_docs": "Transcript", "steps_to_apply": "Follow Website"}}, {"model": "main.submissionform", "pk": 9, "fields": {"title": "Scholarship 77", "required_docs": "Transcript", "steps_to_apply": "Follow Website"}}, {"model": "main.submissionform", "pk": 10, "fields": {"title": "Scholarship 78", "required_docs": "Transcript", "steps_to_apply": "Follow Website"}}, {"model": "main.submissionform", "pk": 11, "fields": {"title": "Scholarship 79", "required_docs": "Transcript", "steps_to_apply": "Follow Website"}}, {"model": "main.submissionform", "pk": 12, "fields": {"title": "Scholarship 80", "required_docs": "Transcript", "steps_to_apply": "Follow Website"}}, {"model": "main.submissionform", "pk": 13, "fields": {"title": "Scholarship 81", "required_docs": "Transcript", "steps_to_apply": "Follow Website"}}, {"model": "main.submissionform", "pk": 14, "fields": {"title": "Scholarship 82", "required_docs": "Transcript", "steps_to_apply": "Follow Website"}}, {"model": "main.submissionform", "pk": 15, "fields": {"title": "Scholarship 83", "required_docs": "Transcript", "steps_to_apply": "Follow Website"}}, {"model": "main.submissionform", "pk": 16, "fields": {"title": "Scholarship 84", "required_docs": "Transcript", "steps_to_apply": "Follow Website"}}, {"model": "main.submissionform", "pk": 17, "fields": {"title": "Scholarship 85", "required_docs": "Transcript", "steps_to_apply": "Follow Website"}}, {"model": "main.submissionform", "pk": 18, "fields": {"title": "Scholarship 86", "required_docs": "Transcript", "steps_to_apply": "Follow Website"}}, {"model": "main.submissionform", "pk": 19, "fields": {"title": "Scholarship 87", "required_docs": "Transcript", "steps_to_apply": "Follow Website"}}, {"model": "main.submissionform", "pk": 20, "fields": {"title": "Scholarship 88", "required_docs": "Transcript", "steps_to_apply": "Follow Website"}}, {"model": "main.submissionform", "pk": 21, "fields": {"title": "Scholarship 89", "required_docs": "Transcript", "steps_to_apply": "Follow Website"}}, {"model": "main.submissionform", "pk": 22, "fields": {"title": "Gordon Scholarship", "required_docs": "Transcript", "steps_to_apply": "Follow Guideline"}}, {"model": "main.submissionform", "pk": 23, "fields": {"title": "Job 70", "required_docs": "Transcript", "steps_to_apply": "Get PDF Manual"}}, {"model": "main.submissionform", "pk": 24, "fields": {"title": "Job 71", "required_docs": "Transcript", "steps_to_apply": "Get PDF Manual"}}, {"model": "main.submissionform", "pk": 25, "fields": {"title": "Job 72", "required_docs": "Transcript", "steps_to_apply": "Get PDF Manual"}}, {"model": "main.submissionform", "pk": 26, "fields": {"title": "Job 73", "required_docs": "Transcript", "steps_to_apply": "Get PDF Manual"}}, {"model": "main.submissionform", "pk": 27, "fields": {"title": "Job 74", "required_docs": "Transcript", "steps_to_apply": "Get PDF Manual"}}, {"model": "main.submissionform", "pk": 28, "fields": {"title": "Job 75", "required_docs": "Transcript", "steps_to_apply": "Get PDF Manual"}}, {"model": "main.submissionform", "pk": 29, "fields": {"title": "Job 76", "required_docs": "Transcript", "steps_to_apply": "Get PDF Manual"}}, {"model": "main.submissionform", "pk": 30, "fields": {"title": "Job 77", "required_docs": "Transcript", "steps_to_apply": "Get PDF Manual"}}, {"model": "main.submissionform", "pk": 31, "fields": {"title": "Job 78", "required_docs": "Transcript", "steps_to_apply": "Get PDF Manual"}}, {"model": "main.submissionform", "pk": 32, "fields": {"title": "Job 79", "required_docs": "Transcript", "steps_to_apply": "Get PDF Manual"}}, {"model": "main.submissionform", "pk": 33, "fields": {"title": "Job 80", "required_docs": "Transcript", "steps_to_apply": "Get PDF Manual"}}, {"model": "main.submissionform", "pk": 34, "fields": {"title": "Job 81", "required_docs": "Transcript", "steps_to_apply": "Get PDF Manual"}}, {"model": "main.submissionform", "pk": 35, "fields": {"title": "Job 82", "required_docs": "Transcript", "steps_to_apply": "Get PDF Manual"}}, {"model": "main.submissionform", "pk": 36, "fields": {"title": "Job 83", "required_docs": "Transcript", "steps_to_apply": "Get PDF Manual"}}, {"model": "main.submissionform", "pk": 37, "fields": {"title": "Job 84", "required_docs": "Transcript", "steps_to_apply": "Get PDF Manual"}}, {"model": "main.submissionform", "pk": 38, "fields": {"title": "Job 85", "required_docs": "Transcript", "steps_to_apply": "Get PDF Manual"}}, {"model": "main.submissionform", "pk": 39, "fields": {"title": "Job 86", "required_docs": "Transcript", "steps_to_apply": "Get PDF Manual"}}, {"model": "main.submissionform", "pk": 40, "fields": {"title": "Job 87", "required_docs": "Transcript", "steps_to_apply": "Get PDF Manual"}}, {"model": "main.submissionform", "pk": 41, "fields": {"title": "Job 88", "required_docs": "Transcript", "steps_to_apply": "Get PDF Manual"}}, {"model": "main.submissionform", "pk": 42, "fields": {"title": "Job 89", "required_docs": "Transcript", "steps_to_apply": "Get PDF Manual"}}, {"model": "main.submissionform", "pk": 43, "fields": {"title": "Startaptor", "required_docs": "Transcript, Certificates", "steps_to_apply": "Follow the PDF"}}, {"model": "main.sponsor", "pk": 1, "fields": {"name": "Sponsor 70"}}, {"model": "main.sponsor", "pk": 2, "fields": {"name": "Sponsor 71"}}, {"model": "main.sponsor", "pk": 3, "fields": {"name": "Sponsor 72"}}, {"model": "main.sponsor", "pk": 4, "fields": {"name": "Sponsor 73"}}, {"model": "main.sponsor", "pk": 5, "fields": {"name": "Sponsor 74"}}, {"model": "main.sponsor", "pk": 6, "fields": {"name": "Sponsor 75"}}, {"model": "main.sponsor", "pk": 7, "fields": {"name": "Sponsor 76"}}, {"model": "main.sponsor", "pk": 8, "fields": {"name": "Sponsor 77"}}, {"model": "main.sponsor", "pk": 9, "fields": {"name": "Sponsor 78"}}, {"model": "main.sponsor", "pk": 10, "fields": {"name": "Sponsor 79"}}, {"model": "main.sponsor", "pk": 11, "fields": {"name": "Sponsor 80"}}, {"model": "main.sponsor", "pk": 12, "fields": {"name": "Sponsor 81"}}, {"model": "main.sponsor", "pk": 13, "fields": {"name": "Sponsor 82"}}, {"model": "main.sponsor", "pk": 14, "fields": {"name": "Sponsor 83"}}, {"model": "main.sponsor", "pk": 15, "fields": {"name": "Sponsor 84"}}, {"model": "main.sponsor", "pk": 16, "fields": {"name": "Sponsor 85"}}, {"model": "main.sponsor", "pk": 17, "fields": {"name": "Sponsor 86"}}, {"model": "main.sponsor", "pk": 18, "fields": {"name": "Sponsor 87"}}, {"model": "main.sponsor", "pk": 19, "fields": {"name": "Sponsor 88"}}, {"model": "main.sponsor", "pk": 20, "fields": {"name": "Sponsor 89"}}, {"model": "main.tenure", "pk": 1, "fields": {"start_date": "2018-08-02T06:13:08.077Z", "duration": "365 00:00:00"}}, {"model": "main.tenure", "pk": 2, "fields": {"start_date": "2018-08-02T06:14:49.783Z", "duration": "365 00:00:00"}}, {"model": "main.tenure", "pk": 3, "fields": {"start_date": "2018-08-02T06:14:50.725Z", "duration": "365 00:00:00"}}, {"model": "main.tenure", "pk": 4, "fields": {"start_date": "2018-08-02T06:14:51.422Z", "duration": "365 00:00:00"}}, {"model": "main.tenure", "pk": 5, "fields": {"start_date": "2018-08-02T06:14:52.072Z", "duration": "365 00:00:00"}}, {"model": "main.tenure", "pk": 6, "fields": {"start_date": "2018-08-02T06:14:52.764Z", "duration": "365 00:00:00"}}, {"model": "main.tenure", "pk": 7, "fields": {"start_date": "2018-08-02T06:14:53.605Z", "duration": "365 00:00:00"}}, {"model": "main.tenure", "pk": 8, "fields": {"start_date": "2018-08-02T06:14:54.258Z", "duration": "365 00:00:00"}}, {"model": "main.tenure", "pk": 9, "fields": {"start_date": "2018-08-02T06:14:54.959Z", "duration": "365 00:00:00"}}, {"model": "main.tenure", "pk": 10, "fields": {"start_date": "2018-08-02T06:14:55.650Z", "duration": "365 00:00:00"}}, {"model": "main.tenure", "pk": 11, "fields": {"start_date": "2018-08-02T06:14:56.316Z", "duration": "365 00:00:00"}}, {"model": "main.tenure", "pk": 12, "fields": {"start_date": "2018-08-02T06:14:57.116Z", "duration": "365 00:00:00"}}, {"model": "main.tenure", "pk": 13, "fields": {"start_date": "2018-08-02T06:14:58.105Z", "duration": "365 00:00:00"}}, {"model": "main.tenure", "pk": 14, "fields": {"start_date": "2018-08-02T06:14:58.948Z", "duration": "365 00:00:00"}}, {"model": "main.tenure", "pk": 15, "fields": {"start_date": "2018-08-02T06:14:59.647Z", "duration": "365 00:00:00"}}, {"model": "main.tenure", "pk": 16, "fields": {"start_date": "2018-08-02T06:15:00.697Z", "duration": "365 00:00:00"}}, {"model": "main.tenure", "pk": 17, "fields": {"start_date": "2018-08-02T06:15:01.742Z", "duration": "365 00:00:00"}}, {"model": "main.tenure", "pk": 18, "fields": {"start_date": "2018-08-02T06:15:02.566Z", "duration": "365 00:00:00"}}, {"model": "main.tenure", "pk": 19, "fields": {"start_date": "2018-08-02T06:15:03.827Z", "duration": "365 00:00:00"}}, {"model": "main.tenure", "pk": 20, "fields": {"start_date": "2018-08-02T06:15:04.772Z", "duration": "365 00:00:00"}}, {"model": "main.tenure", "pk": 21, "fields": {"start_date": "2018-08-02T06:15:05.842Z", "duration": "365 00:00:00"}}, {"model": "main.tenure", "pk": 22, "fields": {"start_date": "2018-10-31T19:00:00Z", "duration": "365 00:00:00"}}, {"model": "main.tenure", "pk": 23, "fields": {"start_date": "2018-08-02T06:22:24.599Z", "duration": "15 00:00:00"}}, {"model": "main.tenure", "pk": 24, "fields": {"start_date": "2018-08-02T06:22:25.383Z", "duration": "15 00:00:00"}}, {"model": "main.tenure", "pk": 25, "fields": {"start_date": "2018-08-02T06:22:25.991Z", "duration": "15 00:00:00"}}, {"model": "main.tenure", "pk": 26, "fields": {"start_date": "2018-08-02T06:22:26.633Z", "duration": "15 00:00:00"}}, {"model": "main.tenure", "pk": 27, "fields": {"start_date": "2018-08-02T06:22:27.274Z", "duration": "15 00:00:00"}}, {"model": "main.tenure", "pk": 28, "fields": {"start_date": "2018-08-02T06:22:27.999Z", "duration": "15 00:00:00"}}, {"model": "main.tenure", "pk": 29, "fields": {"start_date": "2018-08-02T06:22:28.641Z", "duration": "15 00:00:00"}}, {"model": "main.tenure", "pk": 30, "fields": {"start_date": "2018-08-02T06:22:29.549Z", "duration": "15 00:00:00"}}, {"model": "main.tenure", "pk": 31, "fields": {"start_date": "2018-08-02T06:22:30.216Z", "duration": "15 00:00:00"}}, {"model": "main.tenure", "pk": 32, "fields": {"start_date": "2018-08-02T06:22:30.847Z", "duration": "15 00:00:00"}}, {"model": "main.tenure", "pk": 33, "fields": {"start_date": "2018-08-02T06:22:31.616Z", "duration": "15 00:00:00"}}, {"model": "main.tenure", "pk": 34, "fields": {"start_date": "2018-08-02T06:22:32.466Z", "duration": "15 00:00:00"}}, {"model": "main.tenure", "pk": 35, "fields": {"start_date": "2018-08-02T06:22:33.241Z", "duration": "15 00:00:00"}}, {"model": "main.tenure", "pk": 36, "fields": {"start_date": "2018-08-02T06:22:33.943Z", "duration": "15 00:00:00"}}, {"model": "main.tenure", "pk": 37, "fields": {"start_date": "2018-08-02T06:22:34.750Z", "duration": "15 00:00:00"}}, {"model": "main.tenure", "pk": 38, "fields": {"start_date": "2018-08-02T06:22:35.382Z", "duration": "15 00:00:00"}}, {"model": "main.tenure", "pk": 39, "fields": {"start_date": "2018-08-02T06:22:36.091Z", "duration": "15 00:00:00"}}, {"model": "main.tenure", "pk": 40, "fields": {"start_date": "2018-08-02T06:22:36.866Z", "duration": "15 00:00:00"}}, {"model": "main.tenure", "pk": 41, "fields": {"start_date": "2018-08-02T06:22:37.816Z", "duration": "15 00:00:00"}}, {"model": "main.tenure", "pk": 42, "fields": {"start_date": "2018-08-02T06:22:39.166Z", "duration": "15 00:00:00"}}, {"model": "main.tenure", "pk": 43, "fields": {"start_date": "2018-10-31T19:00:00Z", "duration": "20 00:00:00"}}, {"model": "main.tenure", "pk": 44, "fields": {"start_date": "2018-08-02T06:26:45.103Z", "duration": "600 00:00:00"}}, {"model": "main.tenure", "pk": 45, "fields": {"start_date": "2018-08-02T06:26:45.869Z", "duration": "600 00:00:00"}}, {"model": "main.tenure", "pk": 46, "fields": {"start_date": "2018-08-02T06:26:46.653Z", "duration": "600 00:00:00"}}, {"model": "main.tenure", "pk": 47, "fields": {"start_date": "2018-08-02T06:26:47.396Z", "duration": "600 00:00:00"}}, {"model": "main.tenure", "pk": 48, "fields": {"start_date": "2018-08-02T06:26:48.078Z", "duration": "600 00:00:00"}}, {"model": "main.tenure", "pk": 49, "fields": {"start_date": "2018-08-02T06:26:48.870Z", "duration": "600 00:00:00"}}, {"model": "main.tenure", "pk": 50, "fields": {"start_date": "2018-08-02T06:26:49.578Z", "duration": "600 00:00:00"}}, {"model": "main.tenure", "pk": 51, "fields": {"start_date": "2018-08-02T06:26:50.255Z", "duration": "600 00:00:00"}}, {"model": "main.tenure", "pk": 52, "fields": {"start_date": "2018-08-02T06:26:51.013Z", "duration": "600 00:00:00"}}, {"model": "main.tenure", "pk": 53, "fields": {"start_date": "2018-08-02T06:26:51.697Z", "duration": "600 00:00:00"}}, {"model": "main.tenure", "pk": 54, "fields": {"start_date": "2018-08-02T06:26:52.730Z", "duration": "600 00:00:00"}}, {"model": "main.tenure", "pk": 55, "fields": {"start_date": "2018-08-02T06:26:53.455Z", "duration": "600 00:00:00"}}, {"model": "main.tenure", "pk": 56, "fields": {"start_date": "2018-08-02T06:26:54.330Z", "duration": "600 00:00:00"}}, {"model": "main.tenure", "pk": 57, "fields": {"start_date": "2018-08-02T06:26:55.438Z", "duration": "600 00:00:00"}}, {"model": "main.tenure", "pk": 58, "fields": {"start_date": "2018-08-02T06:26:56.411Z", "duration": "600 00:00:00"}}, {"model": "main.tenure", "pk": 59, "fields": {"start_date": "2018-08-02T06:26:57.078Z", "duration": "600 00:00:00"}}, {"model": "main.tenure", "pk": 60, "fields": {"start_date": "2018-08-02T06:26:57.753Z", "duration": "600 00:00:00"}}, {"model": "main.tenure", "pk": 61, "fields": {"start_date": "2018-08-02T06:26:58.403Z", "duration": "600 00:00:00"}}, {"model": "main.tenure", "pk": 62, "fields": {"start_date": "2018-08-02T06:26:59.069Z", "duration": "600 00:00:00"}}, {"model": "main.tenure", "pk": 63, "fields": {"start_date": "2018-08-02T06:26:59.818Z", "duration": "600 00:00:00"}}, {"model": "main.tenure", "pk": 64, "fields": {"start_date": "2018-12-31T19:00:00Z", "duration": "365 00:00:00"}}, {"model": "main.about", "pk": 3, "fields": {"title": "Scholarship 70", "description": "Scholarship 70 is all about 80 things"}}, {"model": "main.about", "pk": 4, "fields": {"title": "Scholarship 71", "description": "Scholarship 71 is all about 81 things"}}, {"model": "main.about", "pk": 5, "fields": {"title": "Scholarship 72", "description": "Scholarship 72 is all about 82 things"}}, {"model": "main.about", "pk": 6, "fields": {"title": "Scholarship 73", "description": "Scholarship 73 is all about 83 things"}}, {"model": "main.about", "pk": 7, "fields": {"title": "Scholarship 74", "description": "Scholarship 74 is all about 84 things"}}, {"model": "main.about", "pk": 8, "fields": {"title": "Scholarship 75", "description": "Scholarship 75 is all about 85 things"}}, {"model": "main.about", "pk": 9, "fields": {"title": "Scholarship 76", "description": "Scholarship 76 is all about 86 things"}}, {"model": "main.about", "pk": 10, "fields": {"title": "Scholarship 77", "description": "Scholarship 77 is all about 87 things"}}, {"model": "main.about", "pk": 11, "fields": {"title": "Scholarship 78", "description": "Scholarship 78 is all about 88 things"}}, {"model": "main.about", "pk": 12, "fields": {"title": "Scholarship 79", "description": "Scholarship 79 is all about 89 things"}}, {"model": "main.about", "pk": 13, "fields": {"title": "Scholarship 80", "description": "Scholarship 80 is all about 90 things"}}, {"model": "main.about", "pk": 14, "fields": {"title": "Scholarship 81", "description": "Scholarship 81 is all about 91 things"}}, {"model": "main.about", "pk": 15, "fields": {"title": "Scholarship 82", "description": "Scholarship 82 is all about 92 things"}}, {"model": "main.about", "pk": 16, "fields": {"title": "Scholarship 83", "description": "Scholarship 83 is all about 93 things"}}, {"model": "main.about", "pk": 17, "fields": {"title": "Scholarship 84", "description": "Scholarship 84 is all about 94 things"}}, {"model": "main.about", "pk": 18, "fields": {"title": "Scholarship 85", "description": "Scholarship 85 is all about 95 things"}}, {"model": "main.about", "pk": 19, "fields": {"title": "Scholarship 86", "description": "Scholarship 86 is all about 96 things"}}, {"model": "main.about", "pk": 20, "fields": {"title": "Scholarship 87", "description": "Scholarship 87 is all about 97 things"}}, {"model": "main.about", "pk": 21, "fields": {"title": "Scholarship 88", "description": "Scholarship 88 is all about 98 things"}}, {"model": "main.about", "pk": 22, "fields": {"title": "Scholarship 89", "description": "Scholarship 89 is all about 99 things"}}, {"model": "main.about", "pk": 23, "fields": {"title": "Gordon Scholarship", "description": "Get Cooking Stuff"}}, {"model": "main.about", "pk": 24, "fields": {"title": "Conference 70", "description": "Conference 70 is all about 140 things"}}, {"model": "main.about", "pk": 25, "fields": {"title": "Conference 71", "description": "Conference 71 is all about 142 things"}}, {"model": "main.about", "pk": 26, "fields": {"title": "Conference 72", "description": "Conference 72 is all about 144 things"}}, {"model": "main.about", "pk": 27, "fields": {"title": "Conference 73", "description": "Conference 73 is all about 146 things"}}, {"model": "main.about", "pk": 28, "fields": {"title": "Conference 74", "description": "Conference 74 is all about 148 things"}}, {"model": "main.about", "pk": 29, "fields": {"title": "Conference 75", "description": "Conference 75 is all about 150 things"}}, {"model": "main.about", "pk": 30, "fields": {"title": "Conference 76", "description": "Conference 76 is all about 152 things"}}, {"model": "main.about", "pk": 31, "fields": {"title": "Conference 77", "description": "Conference 77 is all about 154 things"}}, {"model": "main.about", "pk": 32, "fields": {"title": "Conference 78", "description": "Conference 78 is all about 156 things"}}, {"model": "main.about", "pk": 33, "fields": {"title": "Conference 79", "description": "Conference 79 is all about 158 things"}}, {"model": "main.about", "pk": 34, "fields": {"title": "Conference 80", "description": "Conference 80 is all about 160 things"}}, {"model": "main.about", "pk": 35, "fields": {"title": "Conference 81", "description": "Conference 81 is all about 162 things"}}, {"model": "main.about", "pk": 36, "fields": {"title": "Conference 82", "description": "Conference 82 is all about 164 things"}}, {"model": "main.about", "pk": 37, "fields": {"title": "Conference 83", "description": "Conference 83 is all about 166 things"}}, {"model": "main.about", "pk": 38, "fields": {"title": "Conference 84", "description": "Conference 84 is all about 168 things"}}, {"model": "main.about", "pk": 39, "fields": {"title": "Conference 85", "description": "Conference 85 is all about 170 things"}}, {"model": "main.about", "pk": 40, "fields": {"title": "Conference 86", "description": "Conference 86 is all about 172 things"}}, {"model": "main.about", "pk": 41, "fields": {"title": "Conference 87", "description": "Conference 87 is all about 174 things"}}, {"model": "main.about", "pk": 42, "fields": {"title": "Conference 88", "description": "Conference 88 is all about 176 things"}}, {"model": "main.about", "pk": 43, "fields": {"title": "Conference 89", "description": "Conference 89 is all about 178 things"}}, {"model": "main.about", "pk": 44, "fields": {"title": "Pikachu Conf", "description": "Hello There"}}, {"model": "main.about", "pk": 45, "fields": {"title": "Startaptor", "description": "Flying Help"}}, {"model": "main.specialization", "pk": 1, "fields": {"title": "Magic", "description": null}}, {"model": "main.specialization", "pk": 2, "fields": {"title": "Potions", "description": null}}, {"model": "main.specialization", "pk": 3, "fields": {"title": "Skill 70", "description": "All About 70"}}, {"model": "main.specialization", "pk": 4, "fields": {"title": "Skill 71", "description": "All About 71"}}, {"model": "main.specialization", "pk": 5, "fields": {"title": "Skill 72", "description": "All About 72"}}, {"model": "main.specialization", "pk": 6, "fields": {"title": "Skill 73", "description": "All About 73"}}, {"model": "main.specialization", "pk": 7, "fields": {"title": "Skill 74", "description": "All About 74"}}, {"model": "main.specialization", "pk": 8, "fields": {"title": "Skill 75", "description": "All About 75"}}, {"model": "main.specialization", "pk": 9, "fields": {"title": "Skill 76", "description": "All About 76"}}, {"model": "main.specialization", "pk": 10, "fields": {"title": "Skill 77", "description": "All About 77"}}, {"model": "main.specialization", "pk": 11, "fields": {"title": "Skill 78", "description": "All About 78"}}, {"model": "main.specialization", "pk": 12, "fields": {"title": "Skill 79", "description": "All About 79"}}, {"model": "main.specialization", "pk": 13, "fields": {"title": "Skill 80", "description": "All About 80"}}, {"model": "main.specialization", "pk": 14, "fields": {"title": "Skill 81", "description": "All About 81"}}, {"model": "main.specialization", "pk": 15, "fields": {"title": "Skill 82", "description": "All About 82"}}, {"model": "main.specialization", "pk": 16, "fields": {"title": "Skill 83", "description": "All About 83"}}, {"model": "main.specialization", "pk": 17, "fields": {"title": "Skill 84", "description": "All About 84"}}, {"model": "main.specialization", "pk": 18, "fields": {"title": "Skill 85", "description": "All About 85"}}, {"model": "main.specialization", "pk": 19, "fields": {"title": "Skill 86", "description": "All About 86"}}, {"model": "main.specialization", "pk": 20, "fields": {"title": "Skill 87", "description": "All About 87"}}, {"model": "main.specialization", "pk": 21, "fields": {"title": "Skill 88", "description": "All About 88"}}, {"model": "main.specialization", "pk": 22, "fields": {"title": "Skill 89", "description": "All About 89"}}, {"model": "main.contact", "pk": 1, "fields": {"email": "contact70@email.com", "phone": "0900-70140350-01"}}, {"model": "main.contact", "pk": 2, "fields": {"email": "contact71@email.com", "phone": "0900-71142355-01"}}, {"model": "main.contact", "pk": 3, "fields": {"email": "contact72@email.com", "phone": "0900-72144360-01"}}, {"model": "main.contact", "pk": 4, "fields": {"email": "contact73@email.com", "phone": "0900-73146365-01"}}, {"model": "main.contact", "pk": 5, "fields": {"email": "contact74@email.com", "phone": "0900-74148370-01"}}, {"model": "main.contact", "pk": 6, "fields": {"email": "contact75@email.com", "phone": "0900-75150375-01"}}, {"model": "main.contact", "pk": 7, "fields": {"email": "contact76@email.com", "phone": "0900-76152380-01"}}, {"model": "main.contact", "pk": 8, "fields": {"email": "contact77@email.com", "phone": "0900-77154385-01"}}, {"model": "main.contact", "pk": 9, "fields": {"email": "contact78@email.com", "phone": "0900-78156390-01"}}, {"model": "main.contact", "pk": 10, "fields": {"email": "contact79@email.com", "phone": "0900-79158395-01"}}, {"model": "main.contact", "pk": 11, "fields": {"email": "contact80@email.com", "phone": "0900-80160400-01"}}, {"model": "main.contact", "pk": 12, "fields": {"email": "contact81@email.com", "phone": "0900-81162405-01"}}, {"model": "main.contact", "pk": 13, "fields": {"email": "contact82@email.com", "phone": "0900-82164410-01"}}, {"model": "main.contact", "pk": 14, "fields": {"email": "contact83@email.com", "phone": "0900-83166415-01"}}, {"model": "main.contact", "pk": 15, "fields": {"email": "contact84@email.com", "phone": "0900-84168420-01"}}, {"model": "main.contact", "pk": 16, "fields": {"email": "contact85@email.com", "phone": "0900-85170425-01"}}, {"model": "main.contact", "pk": 17, "fields": {"email": "contact86@email.com", "phone": "0900-86172430-01"}}, {"model": "main.contact", "pk": 18, "fields": {"email": "contact87@email.com", "phone": "0900-87174435-01"}}, {"model": "main.contact", "pk": 19, "fields": {"email": "contact88@email.com", "phone": "0900-88176440-01"}}, {"model": "main.contact", "pk": 20, "fields": {"email": "contact89@email.com", "phone": "0900-89178445-01"}}, {"model": "main.studentposition", "pk": 1, "fields": {"experience_required": "0-1 Years", "deadline": "2018-07-03T06:26:45.103Z", "source": "website", "job": 1, "submission_form": "23", "job_location": 2, "fee": 1, "salary": 1, "requirements": 1, "job_provider": 1, "duration": "44", "skills_covered": [3, 4, 5, 6, 7, 8, 9, 10, 11, 12, 13, 14, 15, 16, 17, 18, 19, 20, 21, 22], "contacts": [1, 2, 3, 4, 5, 6, 7, 8, 9, 10, 11, 12, 13, 14, 15, 16, 17, 18, 19, 20]}}, {"model": "main.studentposition", "pk": 2, "fields": {"experience_required": "0-1 Years", "deadline": "2018-07-03T06:26:45.869Z", "source": "website", "job": 2, "submission_form": "24", "job_location": 3, "fee": 2, "salary": 2, "requirements": 1, "job_provider": 1, "duration": "45", "skills_covered": [3, 4, 5, 6, 7, 8, 9, 10, 11, 12, 13, 14, 15, 16, 17, 18, 19, 20, 21, 22], "contacts": [1, 2, 3, 4, 5, 6, 7, 8, 9, 10, 11, 12, 13, 14, 15, 16, 17, 18, 19, 20]}}, {"model": "main.studentposition", "pk": 3, "fields": {"experience_required": "0-1 Years", "deadline": "2018-07-03T06:26:46.653Z", "source": "website", "job": 3, "submission_form": "25", "job_location": 4, "fee": 3, "salary": 3, "requirements": 1, "job_provider": 1, "duration": "46", "skills_covered": [3, 4, 5, 6, 7, 8, 9, 10, 11, 12, 13, 14, 15, 16, 17, 18, 19, 20, 21, 22], "contacts": [1, 2, 3, 4, 5, 6, 7, 8, 9, 10, 11, 12, 13, 14, 15, 16, 17, 18, 19, 20]}}, {"model": "main.studentposition", "pk": 4, "fields": {"experience_required": "0-1 Years", "deadline": "2018-07-03T06:26:47.396Z", "source": "website", "job": 4, "submission_form": "26", "job_location": 5, "fee": 4, "salary": 4, "requirements": 1, "job_provider": 1, "duration": "47", "skills_covered": [3, 4, 5, 6, 7, 8, 9, 10, 11, 12, 13, 14, 15, 16, 17, 18, 19, 20, 21, 22], "contacts": [1, 2, 3, 4, 5, 6, 7, 8, 9, 10, 11, 12, 13, 14, 15, 16, 17, 18, 19, 20]}}, {"model": "main.studentposition", "pk": 5, "fields": {"experience_required": "0-1 Years", "deadline": "2018-07-03T06:26:48.078Z", "source": "website", "job": 5, "submission_form": "27", "job_location": 6, "fee": 5, "salary": 5, "requirements": 1, "job_provider": 1, "duration": "48", "skills_covered": [3, 4, 5, 6, 7, 8, 9, 10, 11, 12, 13, 14, 15, 16, 17, 18, 19, 20, 21, 22], "contacts": [1, 2, 3, 4, 5, 6, 7, 8, 9, 10, 11, 12, 13, 14, 15, 16, 17, 18, 19, 20]}}, {"model": "main.studentposition", "pk": 6, "fields": {"experience_required": "0-1 Years", "deadline": "2018-07-03T06:26:48.870Z", "source": "website", "job": 6, "submission_form": "28", "job_location": 7, "fee": 6, "salary": 6, "requirements": 1, "job_provider": 1, "duration": "49", "skills_covered": [3, 4, 5, 6, 7, 8, 9, 10, 11, 12, 13, 14, 15, 16, 17, 18, 19, 20, 21, 22], "contacts": [1, 2, 3, 4, 5, 6, 7, 8, 9, 10, 11, 12, 13, 14, 15, 16, 17, 18, 19, 20]}}, {"model": "main.studentposition", "pk": 7, "fields": {"experience_required": "0-1 Years", "deadline": "2018-07-03T06:26:49.578Z", "source": "website", "job": 7, "submission_form": "29", "job_location": 8, "fee": 7, "salary": 7, "requirements": 1, "job_provider": 1, "duration": "50", "skills_covered": [3, 4, 5, 6, 7, 8, 9, 10, 11, 12, 13, 14, 15, 16, 17, 18, 19, 20, 21, 22], "contacts": [1, 2, 3, 4, 5, 6, 7, 8, 9, 10, 11, 12, 13, 14, 15, 16, 17, 18, 19, 20]}}, {"model": "main.studentposition", "pk": 8, "fields": {"experience_required": "0-1 Years", "deadline": "2018-07-03T06:26:50.255Z", "source": "website", "job": 8, "submission_form": "30", "job_location": 9, "fee": 8, "salary": 8, "requirements": 1, "job_provider": 1, "duration": "51", "skills_covered": [3, 4, 5, 6, 7, 8, 9, 10, 11, 12, 13, 14, 15, 16, 17, 18, 19, 20, 21, 22], "contacts": [1, 2, 3, 4, 5, 6, 7, 8, 9, 10, 11, 12, 13, 14, 15, 16, 17, 18, 19, 20]}}, {"model": "main.studentposition", "pk": 9, "fields": {"experience_required": "0-1 Years", "deadline": "2018-07-03T06:26:51.013Z", "source": "website", "job": 9, "submission_form": "31", "job_location": 10, "fee": 9, "salary": 9, "requirements": 1, "job_provider": 1, "duration": "52", "skills_covered": [3, 4, 5, 6, 7, 8, 9, 10, 11, 12, 13, 14, 15, 16, 17, 18, 19, 20, 21, 22], "contacts": [1, 2, 3, 4, 5, 6, 7, 8, 9, 10, 11, 12, 13, 14, 15, 16, 17, 18, 19, 20]}}, {"model": "main.studentposition", "pk": 10, "fields": {"experience_required": "0-1 Years", "deadline": "2018-07-03T06:26:51.697Z", "source": "website", "job": 10, "submission_form": "32", "job_location": 11, "fee": 10, "salary": 10, "requirements": 1, "job_provider": 1, "duration": "53", "skills_covered": [3, 4, 5, 6, 7, 8, 9, 10, 11, 12, 13, 14, 15, 16, 17, 18, 19, 20, 21, 22], "contacts": [1, 2, 3, 4, 5, 6, 7, 8, 9, 10, 11, 12, 13, 14, 15, 16, 17, 18, 19, 20]}}, {"model": "main.studentposition", "pk": 11, "fields": {"experience_required": "0-1 Years", "deadline": "2018-07-03T06:26:52.730Z", "source": "website", "job": 11, "submission_form": "33", "job_location": 12, "fee": 11, "salary": 1, "requirements": 1, "job_provider": 1, "duration": "54", "skills_covered": [3, 4, 5, 6, 7, 8, 9, 10, 11, 12, 13, 14, 15, 16, 17, 18, 19, 20, 21, 22], "contacts": [1, 2, 3, 4, 5, 6, 7, 8, 9, 10, 11, 12, 13, 14, 15, 16, 17, 18, 19, 20]}}, {"model": "main.studentposition", "pk": 12, "fields": {"experience_required": "0-1 Years", "deadline": "2018-07-03T06:26:53.455Z", "source": "website", "job": 12, "submission_form": "34", "job_location": 13, "fee": 12, "salary": 2, "requirements": 1, "job_provider": 1, "duration": "55", "skills_covered": [3, 4, 5, 6, 7, 8, 9, 10, 11, 12, 13, 14, 15, 16, 17, 18, 19, 20, 21, 22], "contacts": [1, 2, 3, 4, 5, 6, 7, 8, 9, 10, 11, 12, 13, 14, 15, 16, 17, 18, 19, 20]}}, {"model": "main.studentposition", "pk": 13, "fields": {"experience_required": "0-1 Years", "deadline": "2018-07-03T06:26:54.330Z", "source": "website", "job": 13, "submission_form": "35", "job_location": 14, "fee": 13, "salary": 3, "requirements": 1, "job_provider": 1, "duration": "56", "skills_covered": [3, 4, 5, 6, 7, 8, 9, 10, 11, 12, 13, 14, 15, 16, 17, 18, 19, 20, 21, 22], "contacts": [1, 2, 3, 4, 5, 6, 7, 8, 9, 10, 11, 12, 13, 14, 15, 16, 17, 18, 19, 20]}}, {"model": "main.studentposition", "pk": 14, "fields": {"experience_required": "0-1 Years", "deadline": "2018-07-03T06:26:55.438Z", "source": "website", "job": 14, "submission_form": "36", "job_location": 15, "fee": 14, "salary": 4, "requirements": 1, "job_provider": 1, "duration": "57", "skills_covered": [3, 4, 5, 6, 7, 8, 9, 10, 11, 12, 13, 14, 15, 16, 17, 18, 19, 20, 21, 22], "contacts": [1, 2, 3, 4, 5, 6, 7, 8, 9, 10, 11, 12, 13, 14, 15, 16, 17, 18, 19, 20]}}, {"model": "main.studentposition", "pk": 15, "fields": {"experience_required": "0-1 Years", "deadline": "2018-07-03T06:26:56.411Z", "source": "website", "job": 15, "submission_form": "37", "job_location": 16, "fee": 15, "salary": 5, "requirements": 1, "job_provider": 1, "duration": "58", "skills_covered": [3, 4, 5, 6, 7, 8, 9, 10, 11, 12, 13, 14, 15, 16, 17, 18, 19, 20, 21, 22], "contacts": [1, 2, 3, 4, 5, 6, 7, 8, 9, 10, 11, 12, 13, 14, 15, 16, 17, 18, 19, 20]}}, {"model": "main.studentposition", "pk": 16, "fields": {"experience_required": "0-1 Years", "deadline": "2018-07-03T06:26:57.078Z", "source": "website", "job": 16, "submission_form": "38", "job_location": 17, "fee": 16, "salary": 6, "requirements": 1, "job_provider": 1, "duration": "59", "skills_covered": [3, 4, 5, 6, 7, 8, 9, 10, 11, 12, 13, 14, 15, 16, 17, 18, 19, 20, 21, 22], "contacts": [1, 2, 3, 4, 5, 6, 7, 8, 9, 10, 11, 12, 13, 14, 15, 16, 17, 18, 19, 20]}}, {"model": "main.studentposition", "pk": 17, "fields": {"experience_required": "0-1 Years", "deadline": "2018-07-03T06:26:57.753Z", "source": "website", "job": 17, "submission_form": "39", "job_location": 18, "fee": 17, "salary": 7, "requirements": 1, "job_provider": 1, "duration": "60", "skills_covered": [3, 4, 5, 6, 7, 8, 9, 10, 11, 12, 13, 14, 15, 16, 17, 18, 19, 20, 21, 22], "contacts": [1, 2, 3, 4, 5, 6, 7, 8, 9, 10, 11, 12, 13, 14, 15, 16, 17, 18, 19, 20]}}, {"model": "main.studentposition", "pk": 18, "fields": {"experience_required": "0-1 Years", "deadline": "2018-07-03T06:26:58.403Z", "source": "website", "job": 18, "submission_form": "40", "job_location": 19, "fee": 18, "salary": 8, "requirements": 1, "job_provider": 1, "duration": "61", "skills_covered": [3, 4, 5, 6, 7, 8, 9, 10, 11, 12, 13, 14, 15, 16, 17, 18, 19, 20, 21, 22], "contacts": [1, 2, 3, 4, 5, 6, 7, 8, 9, 10, 11, 12, 13, 14, 15, 16, 17, 18, 19, 20]}}, {"model": "main.studentposition", "pk": 19, "fields": {"experience_required": "0-1 Years", "deadline": "2018-07-03T06:26:59.069Z", "source": "website", "job": 19, "submission_form": "41", "job_location": 20, "fee": 19, "salary": 9, "requirements": 1, "job_provider": 1, "duration": "62", "skills_covered": [3, 4, 5, 6, 7, 8, 9, 10, 11, 12, 13, 14, 15, 16, 17, 18, 19, 20, 21, 22], "contacts": [1, 2, 3, 4, 5, 6, 7, 8, 9, 10, 11, 12, 13, 14, 15, 16, 17, 18, 19, 20]}}, {"model": "main.studentposition", "pk": 20, "fields": {"experience_required": "0-1 Years", "deadline": "2018-07-03T06:26:59.818Z", "source": "website", "job": 20, "submission_form": "42", "job_location": 21, "fee": 20, "salary": 10, "requirements": 1, "job_provider": 1, "duration": "63", "skills_covered": [3, 4, 5, 6, 7, 8, 9, 10, 11, 12, 13, 14, 15, 16, 17, 18, 19, 20, 21, 22], "contacts": [1, 2, 3, 4, 5, 6, 7, 8, 9, 10, 11, 12, 13, 14, 15, 16, 17, 18, 19, 20]}}, {"model": "main.scholarship", "pk": 1, "fields": {"funding": 70.0, "number_of_positions": 70, "deadline": "2018-06-03T06:14:49.783Z", "scholarship_maintenance_criteria": "3.5 CGPA", "perks_offered": "Lunch", "source": "Website", "information": 3, "application_form": "2", "amount_granted": 1, "criteria": 1, "duration": "2", "fields_of_interest": [3, 4, 5, 6, 7, 8, 9, 10, 11, 12, 13, 14, 15, 16, 17, 18, 19, 20, 21, 22], "contacts": [1, 2, 3, 4, 5, 6, 7, 8, 9, 10, 11, 12, 13, 14, 15, 16, 17, 18, 19, 20], "host_universities": [2, 3, 4, 5, 6, 7, 8, 9, 10, 11, 12, 13, 14, 15, 16, 17, 18, 19, 20, 21], "sponsors": [1, 10, 11, 12, 13, 14, 15, 16, 17, 18, 19, 2, 20, 3, 4, 5, 6, 7, 8, 9]}}, {"model": "main.scholarship", "pk": 2, "fields": {"funding": 71.0, "number_of_positions": 71, "deadline": "2018-06-03T06:14:50.725Z", "scholarship_maintenance_criteria": "3.5 CGPA", "perks_offered": "Lunch", "source": "Website", "information": 4, "application_form": "3", "amount_granted": 2, "criteria": 1, "duration": "3", "fields_of_interest": [3, 4, 5, 6, 7, 8, 9, 10, 11, 12, 13, 14, 15, 16, 17, 18, 19, 20, 21, 22], "contacts": [1, 2, 3, 4, 5, 6, 7, 8, 9, 10, 11, 12, 13, 14, 15, 16, 17, 18, 19, 20], "host_universities": [2, 3, 4, 5, 6, 7, 8, 9, 10, 11, 12, 13, 14, 15, 16, 17, 18, 19, 20, 21], "sponsors": [1, 10, 11, 12, 13, 14, 15, 16, 17, 18, 19, 2, 20, 3, 4, 5, 6, 7, 8, 9]}}, {"model": "main.scholarship", "pk": 3, "fields": {"funding": 72.0, "number_of_positions": 72, "deadline": "2018-06-03T06:14:51.422Z", "scholarship_maintenance_criteria": "3.5 CGPA", "perks_offered": "Lunch", "source": "Website", "information": 5, "application_form": "4", "amount_granted": 3, "criteria": 1, "duration": "4", "fields_of_interest": [3, 4, 5, 6, 7, 8, 9, 10, 11, 12, 13, 14, 15, 16, 17, 18, 19, 20, 21, 22], "contacts": [1, 2, 3, 4, 5, 6, 7, 8, 9, 10, 11, 12, 13, 14, 15, 16, 17, 18, 19, 20], "host_universities": [2, 3, 4, 5, 6, 7, 8, 9, 10, 11, 12, 13, 14, 15, 16, 17, 18, 19, 20, 21], "sponsors": [1, 10, 11, 12, 13, 14, 15, 16, 17, 18, 19, 2, 20, 3, 4, 5, 6, 7, 8, 9]}}, {"model": "main.scholarship", "pk": 4, "fields": {"funding": 73.0, "number_of_positions": 73, "deadline": "2018-06-03T06:14:52.072Z", "scholarship_maintenance_criteria": "3.5 CGPA", "perks_offered": "Lunch", "source": "Website", "information": 6, "application_form": "5", "amount_granted": 4, "criteria": 1, "duration": "5", "fields_of_interest": [3, 4, 5, 6, 7, 8, 9, 10, 11, 12, 13, 14, 15, 16, 17, 18, 19, 20, 21, 22], "contacts": [1, 2, 3, 4, 5, 6, 7, 8, 9, 10, 11, 12, 13, 14, 15, 16, 17, 18, 19, 20], "host_universities": [2, 3, 4, 5, 6, 7, 8, 9, 10, 11, 12, 13, 14, 15, 16, 17, 18, 19, 20, 21], "sponsors": [1, 10, 11, 12, 13, 14, 15, 16, 17, 18, 19, 2, 20, 3, 4, 5, 6, 7, 8, 9]}}, {"model": "main.scholarship", "pk": 5, "fields": {"funding": 74.0, "number_of_positions": 74, "deadline": "2018-06-03T06:14:52.764Z", "scholarship_maintenance_criteria": "3.5 CGPA", "perks_offered": "Lunch", "source": "Website", "information": 7, "application_form": "6", "amount_granted": 5, "criteria": 1, "duration": "6", "fields_of_interest": [3, 4, 5, 6, 7, 8, 9, 10, 11, 12, 13, 14, 15, 16, 17, 18, 19, 20, 21, 22], "contacts": [1, 2, 3, 4, 5, 6, 7, 8, 9, 10, 11, 12, 13, 14, 15, 16, 17, 18, 19, 20], "host_universities": [2, 3, 4, 5, 6, 7, 8, 9, 10, 11, 12, 13, 14, 15, 16, 17, 18, 19, 20, 21], "sponsors": [1, 10, 11, 12, 13, 14, 15, 16, 17, 18, 19, 2, 20, 3, 4, 5, 6, 7, 8, 9]}}, {"model": "main.scholarship", "pk": 6, "fields": {"funding": 75.0, "number_of_positions": 75, "deadline": "2018-06-03T06:14:53.605Z", "scholarship_maintenance_criteria": "3.5 CGPA", "perks_offered": "Lunch", "source": "Website", "information": 8, "application_form": "7", "amount_granted": 6, "criteria": 1, "duration": "7", "fields_of_interest": [3, 4, 5, 6, 7, 8, 9, 10, 11, 12, 13, 14, 15, 16, 17, 18, 19, 20, 21, 22], "contacts": [1, 2, 3, 4, 5, 6, 7, 8, 9, 10, 11, 12, 13, 14, 15, 16, 17, 18, 19, 20], "host_universities": [2, 3, 4, 5, 6, 7, 8, 9, 10, 11, 12, 13, 14, 15, 16, 17, 18, 19, 20, 21], "sponsors": [1, 10, 11, 12, 13, 14, 15, 16, 17, 18, 19, 2, 20, 3, 4, 5, 6, 7, 8, 9]}}, {"model": "main.scholarship", "pk": 7, "fields": {"funding": 76.0, "number_of_positions": 76, "deadline": "2018-06-03T06:14:54.258Z", "scholarship_maintenance_criteria": "3.5 CGPA", "perks_offered": "Lunch", "source": "Website", "information": 9, "application_form": "8", "amount_granted": 7, "criteria": 1, "duration": "8", "fields_of_interest": [3, 4, 5, 6, 7, 8, 9, 10, 11, 12, 13, 14, 15, 16, 17, 18, 19, 20, 21, 22], "contacts": [1, 2, 3, 4, 5, 6, 7, 8, 9, 10, 11, 12, 13, 14, 15, 16, 17, 18, 19, 20], "host_universities": [2, 3, 4, 5, 6, 7, 8, 9, 10, 11, 12, 13, 14, 15, 16, 17, 18, 19, 20, 21], "sponsors": [1, 10, 11, 12, 13, 14, 15, 16, 17, 18, 19, 2, 20, 3, 4, 5, 6, 7, 8, 9]}}, {"model": "main.scholarship", "pk": 8, "fields": {"funding": 77.0, "number_of_positions": 77, "deadline": "2018-06-03T06:14:54.959Z", "scholarship_maintenance_criteria": "3.5 CGPA", "perks_offered": "Lunch", "source": "Website", "information": 10, "application_form": "9", "amount_granted": 8, "criteria": 1, "duration": "9", "fields_of_interest": [3, 4, 5, 6, 7, 8, 9, 10, 11, 12, 13, 14, 15, 16, 17, 18, 19, 20, 21, 22], "contacts": [1, 2, 3, 4, 5, 6, 7, 8, 9, 10, 11, 12, 13, 14, 15, 16, 17, 18, 19, 20], "host_universities": [2, 3, 4, 5, 6, 7, 8, 9, 10, 11, 12, 13, 14, 15, 16, 17, 18, 19, 20, 21], "sponsors": [1, 10, 11, 12, 13, 14, 15, 16, 17, 18, 19, 2, 20, 3, 4, 5, 6, 7, 8, 9]}}, {"model": "main.scholarship", "pk": 9, "fields": {"funding": 78.0, "number_of_positions": 78, "deadline": "2018-06-03T06:14:55.650Z", "scholarship_maintenance_criteria": "3.5 CGPA", "perks_offered": "Lunch", "source": "Website", "information": 11, "application_form": "10", "amount_granted": 9, "criteria": 1, "duration": "10", "fields_of_interest": [3, 4, 5, 6, 7, 8, 9, 10, 11, 12, 13, 14, 15, 16, 17, 18, 19, 20, 21, 22], "contacts": [1, 2, 3, 4, 5, 6, 7, 8, 9, 10, 11, 12, 13, 14, 15, 16, 17, 18, 19, 20], "host_universities": [2, 3, 4, 5, 6, 7, 8, 9, 10, 11, 12, 13, 14, 15, 16, 17, 18, 19, 20, 21], "sponsors": [1, 10, 11, 12, 13, 14, 15, 16, 17, 18, 19, 2, 20, 3, 4, 5, 6, 7, 8, 9]}}, {"model": "main.scholarship", "pk": 10, "fields": {"funding": 79.0, "number_of_positions": 79, "deadline": "2018-06-03T06:14:56.316Z", "scholarship_maintenance_criteria": "3.5 CGPA", "perks_offered": "Lunch", "source": "Website", "information": 12, "application_form": "11", "amount_granted": 10, "criteria": 1, "duration": "11", "fields_of_interest": [3, 4, 5, 6, 7, 8, 9, 10, 11, 12, 13, 14, 15, 16, 17, 18, 19, 20, 21, 22], "contacts": [1, 2, 3, 4, 5, 6, 7, 8, 9, 10, 11, 12, 13, 14, 15, 16, 17, 18, 19, 20], "host_universities": [2, 3, 4, 5, 6, 7, 8, 9, 10, 11, 12, 13, 14, 15, 16, 17, 18, 19, 20, 21], "sponsors": [1, 10, 11, 12, 13, 14, 15, 16, 17, 18, 19, 2, 20, 3, 4, 5, 6, 7, 8, 9]}}, {"model": "main.scholarship", "pk": 11, "fields": {"funding": 80.0, "number_of_positions": 80, "deadline": "2018-06-03T06:14:57.116Z", "scholarship_maintenance_criteria": "3.5 CGPA", "perks_offered": "Lunch", "source": "Website", "information": 13, "application_form": "12", "amount_granted": 11, "criteria": 1, "duration": "12", "fields_of_interest": [3, 4, 5, 6, 7, 8, 9, 10, 11, 12, 13, 14, 15, 16, 17, 18, 19, 20, 21, 22], "contacts": [1, 2, 3, 4, 5, 6, 7, 8, 9, 10, 11, 12, 13, 14, 15, 16, 17, 18, 19, 20], "host_universities": [2, 3, 4, 5, 6, 7, 8, 9, 10, 11, 12, 13, 14, 15, 16, 17, 18, 19, 20, 21], "sponsors": [1, 10, 11, 12, 13, 14, 15, 16, 17, 18, 19, 2, 20, 3, 4, 5, 6, 7, 8, 9]}}, {"model": "main.scholarship", "pk": 12, "fields": {"funding": 81.0, "number_of_positions": 81, "deadline": "2018-06-03T06:14:58.105Z", "scholarship_maintenance_criteria": "3.5 CGPA", "perks_offered": "Lunch", "source": "Website", "information": 14, "application_form": "13", "amount_granted": 12, "criteria": 1, "duration": "13", "fields_of_interest": [3, 4, 5, 6, 7, 8, 9, 10, 11, 12, 13, 14, 15, 16, 17, 18, 19, 20, 21, 22], "contacts": [1, 2, 3, 4, 5, 6, 7, 8, 9, 10, 11, 12, 13, 14, 15, 16, 17, 18, 19, 20], "host_universities": [2, 3, 4, 5, 6, 7, 8, 9, 10, 11, 12, 13, 14, 15, 16, 17, 18, 19, 20, 21], "sponsors": [1, 10, 11, 12, 13, 14, 15, 16, 17, 18, 19, 2, 20, 3, 4, 5, 6, 7, 8, 9]}}, {"model": "main.scholarship", "pk": 13, "fields": {"funding": 82.0, "number_of_positions": 82, "deadline": "2018-06-03T06:14:58.948Z", "scholarship_maintenance_criteria": "3.5 CGPA", "perks_offered": "Lunch", "source": "Website", "information": 15, "application_form": "14", "amount_granted": 13, "criteria": 1, "duration": "14", "fields_of_interest": [3, 4, 5, 6, 7, 8, 9, 10, 11, 12, 13, 14, 15, 16, 17, 18, 19, 20, 21, 22], "contacts": [1, 2, 3, 4, 5, 6, 7, 8, 9, 10, 11, 12, 13, 14, 15, 16, 17, 18, 19, 20], "host_universities": [2, 3, 4, 5, 6, 7, 8, 9, 10, 11, 12, 13, 14, 15, 16, 17, 18, 19, 20, 21], "sponsors": [1, 10, 11, 12, 13, 14, 15, 16, 17, 18, 19, 2, 20, 3, 4, 5, 6, 7, 8, 9]}}, {"model": "main.scholarship", "pk": 14, "fields": {"funding": 83.0, "number_of_positions": 83, "deadline": "2018-06-03T06:14:59.647Z", "scholarship_maintenance_criteria": "3.5 CGPA", "perks_offered": "Lunch", "source": "Website", "information": 16, "application_form": "15", "amount_granted": 14, "criteria": 1, "duration": "15", "fields_of_interest": [3, 4, 5, 6, 7, 8, 9, 10, 11, 12, 13, 14, 15, 16, 17, 18, 19, 20, 21, 22], "contacts": [1, 2, 3, 4, 5, 6, 7, 8, 9, 10, 11, 12, 13, 14, 15, 16, 17, 18, 19, 20], "host_universities": [2, 3, 4, 5, 6, 7, 8, 9, 10, 11, 12, 13, 14, 15, 16, 17, 18, 19, 20, 21], "sponsors": [1, 10, 11, 12, 13, 14, 15, 16, 17, 18, 19, 2, 20, 3, 4, 5, 6, 7, 8, 9]}}, {"model": "main.scholarship", "pk": 15, "fields": {"funding": 84.0, "number_of_positions": 84, "deadline": "2018-06-03T06:15:00.697Z", "scholarship_maintenance_criteria": "3.5 CGPA", "perks_offered": "Lunch", "source": "Website", "information": 17, "application_form": "16", "amount_granted": 15, "criteria": 1, "duration": "16", "fields_of_interest": [3, 4, 5, 6, 7, 8, 9, 10, 11, 12, 13, 14, 15, 16, 17, 18, 19, 20, 21, 22], "contacts": [1, 2, 3, 4, 5, 6, 7, 8, 9, 10, 11, 12, 13, 14, 15, 16, 17, 18, 19, 20], "host_universities": [2, 3, 4, 5, 6, 7, 8, 9, 10, 11, 12, 13, 14, 15, 16, 17, 18, 19, 20, 21], "sponsors": [1, 10, 11, 12, 13, 14, 15, 16, 17, 18, 19, 2, 20, 3, 4, 5, 6, 7, 8, 9]}}, {"model": "main.scholarship", "pk": 16, "fields": {"funding": 85.0, "number_of_positions": 85, "deadline": "2018-06-03T06:15:01.742Z", "scholarship_maintenance_criteria": "3.5 CGPA", "perks_offered": "Lunch", "source": "Website", "information": 18, "application_form": "17", "amount_granted": 16, "criteria": 1, "duration": "17", "fields_of_interest": [3, 4, 5, 6, 7, 8, 9, 10, 11, 12, 13, 14, 15, 16, 17, 18, 19, 20, 21, 22], "contacts": [1, 2, 3, 4, 5, 6, 7, 8, 9, 10, 11, 12, 13, 14, 15, 16, 17, 18, 19, 20], "host_universities": [2, 3, 4, 5, 6, 7, 8, 9, 10, 11, 12, 13, 14, 15, 16, 17, 18, 19, 20, 21], "sponsors": [1, 10, 11, 12, 13, 14, 15, 16, 17, 18, 19, 2, 20, 3, 4, 5, 6, 7, 8, 9]}}, {"model": "main.scholarship", "pk": 17, "fields": {"funding": 86.0, "number_of_positions": 86, "deadline": "2018-06-03T06:15:02.566Z", "scholarship_maintenance_criteria": "3.5 CGPA", "perks_offered": "Lunch", "source": "Website", "information": 19, "application_form": "18", "amount_granted": 17, "criteria": 1, "duration": "18", "fields_of_interest": [3, 4, 5, 6, 7, 8, 9, 10, 11, 12, 13, 14, 15, 16, 17, 18, 19, 20, 21, 22], "contacts": [1, 2, 3, 4, 5, 6, 7, 8, 9, 10, 11, 12, 13, 14, 15, 16, 17, 18, 19, 20], "host_universities": [2, 3, 4, 5, 6, 7, 8, 9, 10, 11, 12, 13, 14, 15, 16, 17, 18, 19, 20, 21], "sponsors": [1, 10, 11, 12, 13, 14, 15, 16, 17, 18, 19, 2, 20, 3, 4, 5, 6, 7, 8, 9]}}, {"model": "main.scholarship", "pk": 18, "fields": {"funding": 87.0, "number_of_positions": 87, "deadline": "2018-06-03T06:15:03.827Z", "scholarship_maintenance_criteria": "3.5 CGPA", "perks_offered": "Lunch", "source": "Website", "information": 20, "application_form": "19", "amount_granted": 18, "criteria": 1, "duration": "19", "fields_of_interest": [3, 4, 5, 6, 7, 8, 9, 10, 11, 12, 13, 14, 15, 16, 17, 18, 19, 20, 21, 22], "contacts": [1, 2, 3, 4, 5, 6, 7, 8, 9, 10, 11, 12, 13, 14, 15, 16, 17, 18, 19, 20], "host_universities": [2, 3, 4, 5, 6, 7, 8, 9, 10, 11, 12, 13, 14, 15, 16, 17, 18, 19, 20, 21], "sponsors": [1, 10, 11, 12, 13, 14, 15, 16, 17, 18, 19, 2, 20, 3, 4, 5, 6, 7, 8, 9]}}, {"model": "main.scholarship", "pk": 19, "fields": {"funding": 88.0, "number_of_positions": 88, "deadline": "2018-06-03T06:15:04.772Z", "scholarship_maintenance_criteria": "3.5 CGPA", "perks_offered": "Lunch", "source": "Website", "information": 21, "application_form": "20", "amount_granted": 19, "criteria": 1, "duration": "20", "fields_of_interest": [3, 4, 5, 6, 7, 8, 9, 10, 11, 12, 13, 14, 15, 16, 17, 18, 19, 20, 21, 22], "contacts": [1, 2, 3, 4, 5, 6, 7, 8, 9, 10, 11, 12, 13, 14, 15, 16, 17, 18, 19, 20], "host_universities": [2, 3, 4, 5, 6, 7, 8, 9, 10, 11, 12, 13, 14, 15, 16, 17, 18, 19, 20, 21], "sponsors": [1, 10, 11, 12, 13, 14, 15, 16, 17, 18, 19, 2, 20, 3, 4, 5, 6, 7, 8, 9]}}, {"model": "main.scholarship", "pk": 20, "fields": {"funding": 89.0, "number_of_positions": 89, "deadline": "2018-06-03T06:15:05.842Z", "scholarship_maintenance_criteria": "3.5 CGPA", "perks_offered": "Lunch", "source": "Website", "information": 22, "application_form": "21", "amount_granted": 20, "criteria": 1, "duration": "21", "fields_of_interest": [3, 4, 5, 6, 7, 8, 9, 10, 11, 12, 13, 14, 15, 16, 17, 18, 19, 20, 21, 22], "contacts": [1, 2, 3, 4, 5, 6, 7, 8, 9, 10, 11, 12, 13, 14, 15, 16, 17, 18, 19, 20], "host_universities": [2, 3, 4, 5, 6, 7, 8, 9, 10, 11, 12, 13, 14, 15, 16, 17, 18, 19, 20, 21], "sponsors": [1, 10, 11, 12, 13, 14, 15, 16, 17, 18, 19, 2, 20, 3, 4, 5, 6, 7, 8, 9]}}, {"model": "main.scholarship", "pk": 21, "fields": {"funding": 500000.0, "number_of_positions": 50, "deadline": "2018-08-31T19:00:00Z", "scholarship_maintenance_criteria": "make good food", "perks_offered": "None", "source": "website", "information": 23, "application_form": "22", "amount_granted": 21, "criteria": 2, "duration": "22", "fields_of_interest": [2], "contacts": [1, 2], "host_universities": [1, 2, 3], "sponsors": [2]}}, {"model": "main.scholarship", "pk": 22, "fields": {"funding": null, "number_of_positions": 10, "deadline": "2018-11-30T19:00:00Z", "scholarship_maintenance_criteria": "None", "perks_offered": "Aid", "source": "website", "information": 45, "application_form": "43", "amount_granted": 22, "criteria": 3, "duration": "64", "fields_of_interest": [4, 3, 12], "contacts": [2, 3], "host_universities": [1, 2], "sponsors": [2, 4]}}, {"model": "main.conference", "pk": 1, "fields": {"call_for_paper_deadline": "2018-08-02T06:22:24.599Z", "key_speakers": "Someone", "source": "Web", "ranking": "A*", "info": 24, "duration": "23", "conference_venue": "2", "fields_of_interest": [3, 4, 5, 6, 7, 8, 9, 10, 11, 12, 13, 14, 15, 16, 17, 18, 19, 20, 21, 22], "contacts": [1, 2, 3, 4, 5, 6, 7, 8, 9, 10, 11, 12, 13, 14, 15, 16, 17, 18, 19, 20], "sponsors": [1, 10, 11, 12, 13, 14, 15, 16, 17, 18, 19, 2, 20, 3, 4, 5, 6, 7, 8, 9], "covered_expenses": [1, 2, 3, 4, 5, 6, 7, 8, 9, 10, 11, 12, 13, 14, 15, 16, 17, 18, 19, 20]}}, {"model": "main.conference", "pk": 2, "fields": {"call_for_paper_deadline": "2018-08-02T06:22:25.383Z", "key_speakers": "Someone", "source": "Web", "ranking": "A*", "info": 25, "duration": "24", "conference_venue": "3", "fields_of_interest": [3, 4, 5, 6, 7, 8, 9, 10, 11, 12, 13, 14, 15, 16, 17, 18, 19, 20, 21, 22], "contacts": [1, 2, 3, 4, 5, 6, 7, 8, 9, 10, 11, 12, 13, 14, 15, 16, 17, 18, 19, 20], "sponsors": [1, 10, 11, 12, 13, 14, 15, 16, 17, 18, 19, 2, 20, 3, 4, 5, 6, 7, 8, 9], "covered_expenses": [1, 2, 3, 4, 5, 6, 7, 8, 9, 10, 11, 12, 13, 14, 15, 16, 17, 18, 19, 20]}}, {"model": "main.conference", "pk": 3, "fields": {"call_for_paper_deadline": "2018-08-02T06:22:25.991Z", "key_speakers": "Someone", "source": "Web", "ranking": "A*", "info": 26, "duration": "25", "conference_venue": "4", "fields_of_interest": [3, 4, 5, 6, 7, 8, 9, 10, 11, 12, 13, 14, 15, 16, 17, 18, 19, 20, 21, 22], "contacts": [1, 2, 3, 4, 5, 6, 7, 8, 9, 10, 11, 12, 13, 14, 15, 16, 17, 18, 19, 20], "sponsors": [1, 10, 11, 12, 13, 14, 15, 16, 17, 18, 19, 2, 20, 3, 4, 5, 6, 7, 8, 9], "covered_expenses": [1, 2, 3, 4, 5, 6, 7, 8, 9, 10, 11, 12, 13, 14, 15, 16, 17, 18, 19, 20]}}, {"model": "main.conference", "pk": 4, "fields": {"call_for_paper_deadline": "2018-08-02T06:22:26.633Z", "key_speakers": "Someone", "source": "Web", "ranking": "A*", "info": 27, "duration": "26", "conference_venue": "5", "fields_of_interest": [3, 4, 5, 6, 7, 8, 9, 10, 11, 12, 13, 14, 15, 16, 17, 18, 19, 20, 21, 22], "contacts": [1, 2, 3, 4, 5, 6, 7, 8, 9, 10, 11, 12, 13, 14, 15, 16, 17, 18, 19, 20], "sponsors": [1, 10, 11, 12, 13, 14, 15, 16, 17, 18, 19, 2, 20, 3, 4, 5, 6, 7, 8, 9], "covered_expenses": [1, 2, 3, 4, 5, 6, 7, 8, 9, 10, 11, 12, 13, 14, 15, 16, 17, 18, 19, 20]}}, {"model": "main.conference", "pk": 5, "fields": {"call_for_paper_deadline": "2018-08-02T06:22:27.274Z", "key_speakers": "Someone", "source": "Web", "ranking": "A*", "info": 28, "duration": "27", "conference_venue": "6", "fields_of_interest": [3, 4, 5, 6, 7, 8, 9, 10, 11, 12, 13, 14, 15, 16, 17, 18, 19, 20, 21, 22], "contacts": [1, 2, 3, 4, 5, 6, 7, 8, 9, 10, 11, 12, 13, 14, 15, 16, 17, 18, 19, 20], "sponsors": [1, 10, 11, 12, 13, 14, 15, 16, 17, 18, 19, 2, 20, 3, 4, 5, 6, 7, 8, 9], "covered_expenses": [1, 2, 3, 4, 5, 6, 7, 8, 9, 10, 11, 12, 13, 14, 15, 16, 17, 18, 19, 20]}}, {"model": "main.conference", "pk": 6, "fields": {"call_for_paper_deadline": "2018-08-02T06:22:27.999Z", "key_speakers": "Someone", "source": "Web", "ranking": "A*", "info": 29, "duration": "28", "conference_venue": "7", "fields_of_interest": [3, 4, 5, 6, 7, 8, 9, 10, 11, 12, 13, 14, 15, 16, 17, 18, 19, 20, 21, 22], "contacts": [1, 2, 3, 4, 5, 6, 7, 8, 9, 10, 11, 12, 13, 14, 15, 16, 17, 18, 19, 20], "sponsors": [1, 10, 11, 12, 13, 14, 15, 16, 17, 18, 19, 2, 20, 3, 4, 5, 6, 7, 8, 9], "covered_expenses": [1, 2, 3, 4, 5, 6, 7, 8, 9, 10, 11, 12, 13, 14, 15, 16, 17, 18, 19, 20]}}, {"model": "main.conference", "pk": 7, "fields": {"call_for_paper_deadline": "2018-08-02T06:22:28.641Z", "key_speakers": "Someone", "source": "Web", "ranking": "A*", "info": 30, "duration": "29", "conference_venue": "8", "fields_of_interest": [3, 4, 5, 6, 7, 8, 9, 10, 11, 12, 13, 14, 15, 16, 17, 18, 19, 20, 21, 22], "contacts": [1, 2, 3, 4, 5, 6, 7, 8, 9, 10, 11, 12, 13, 14, 15, 16, 17, 18, 19, 20], "sponsors": [1, 10, 11, 12, 13, 14, 15, 16, 17, 18, 19, 2, 20, 3, 4, 5, 6, 7, 8, 9], "covered_expenses": [1, 2, 3, 4, 5, 6, 7, 8, 9, 10, 11, 12, 13, 14, 15, 16, 17, 18, 19, 20]}}, {"model": "main.conference", "pk": 8, "fields": {"call_for_paper_deadline": "2018-08-02T06:22:29.549Z", "key_speakers": "Someone", "source": "Web", "ranking": "A*", "info": 31, "duration": "30", "conference_venue": "9", "fields_of_interest": [3, 4, 5, 6, 7, 8, 9, 10, 11, 12, 13, 14, 15, 16, 17, 18, 19, 20, 21, 22], "contacts": [1, 2, 3, 4, 5, 6, 7, 8, 9, 10, 11, 12, 13, 14, 15, 16, 17, 18, 19, 20], "sponsors": [1, 10, 11, 12, 13, 14, 15, 16, 17, 18, 19, 2, 20, 3, 4, 5, 6, 7, 8, 9], "covered_expenses": [1, 2, 3, 4, 5, 6, 7, 8, 9, 10, 11, 12, 13, 14, 15, 16, 17, 18, 19, 20]}}, {"model": "main.conference", "pk": 9, "fields": {"call_for_paper_deadline": "2018-08-02T06:22:30.216Z", "key_speakers": "Someone", "source": "Web", "ranking": "A*", "info": 32, "duration": "31", "conference_venue": "10", "fields_of_interest": [3, 4, 5, 6, 7, 8, 9, 10, 11, 12, 13, 14, 15, 16, 17, 18, 19, 20, 21, 22], "contacts": [1, 2, 3, 4, 5, 6, 7, 8, 9, 10, 11, 12, 13, 14, 15, 16, 17, 18, 19, 20], "sponsors": [1, 10, 11, 12, 13, 14, 15, 16, 17, 18, 19, 2, 20, 3, 4, 5, 6, 7, 8, 9], "covered_expenses": [1, 2, 3, 4, 5, 6, 7, 8, 9, 10, 11, 12, 13, 14, 15, 16, 17, 18, 19, 20]}}, {"model": "main.conference", "pk": 10, "fields": {"call_for_paper_deadline": "2018-08-02T06:22:30.847Z", "key_speakers": "Someone", "source": "Web", "ranking": "A*", "info": 33, "duration": "32", "conference_venue": "11", "fields_of_interest": [3, 4, 5, 6, 7, 8, 9, 10, 11, 12, 13, 14, 15, 16, 17, 18, 19, 20, 21, 22], "contacts": [1, 2, 3, 4, 5, 6, 7, 8, 9, 10, 11, 12, 13, 14, 15, 16, 17, 18, 19, 20], "sponsors": [1, 10, 11, 12, 13, 14, 15, 16, 17, 18, 19, 2, 20, 3, 4, 5, 6, 7, 8, 9], "covered_expenses": [1, 2, 3, 4, 5, 6, 7, 8, 9, 10, 11, 12, 13, 14, 15, 16, 17, 18, 19, 20]}}, {"model": "main.conference", "pk": 11, "fields": {"call_for_paper_deadline": "2018-08-02T06:22:31.616Z", "key_speakers": "Someone", "source": "Web", "ranking": "A*", "info": 34, "duration": "33", "conference_venue": "12", "fields_of_interest": [3, 4, 5, 6, 7, 8, 9, 10, 11, 12, 13, 14, 15, 16, 17, 18, 19, 20, 21, 22], "contacts": [1, 2, 3, 4, 5, 6, 7, 8, 9, 10, 11, 12, 13, 14, 15, 16, 17, 18, 19, 20], "sponsors": [1, 10, 11, 12, 13, 14, 15, 16, 17, 18, 19, 2, 20, 3, 4, 5, 6, 7, 8, 9], "covered_expenses": [1, 2, 3, 4, 5, 6, 7, 8, 9, 10, 11, 12, 13, 14, 15, 16, 17, 18, 19, 20]}}, {"model": "main.conference", "pk": 12, "fields": {"call_for_paper_deadline": "2018-08-02T06:22:32.466Z", "key_speakers": "Someone", "source": "Web", "ranking": "A*", "info": 35, "duration": "34", "conference_venue": "13", "fields_of_interest": [3, 4, 5, 6, 7, 8, 9, 10, 11, 12, 13, 14, 15, 16, 17, 18, 19, 20, 21, 22], "contacts": [1, 2, 3, 4, 5, 6, 7, 8, 9, 10, 11, 12, 13, 14, 15, 16, 17, 18, 19, 20], "sponsors": [1, 10, 11, 12, 13, 14, 15, 16, 17, 18, 19, 2, 20, 3, 4, 5, 6, 7, 8, 9], "covered_expenses": [1, 2, 3, 4, 5, 6, 7, 8, 9, 10, 11, 12, 13, 14, 15, 16, 17, 18, 19, 20]}}, {"model": "main.conference", "pk": 13, "fields": {"call_for_paper_deadline": "2018-08-02T06:22:33.241Z", "key_speakers": "Someone", "source": "Web", "ranking": "A*", "info": 36, "duration": "35", "conference_venue": "14", "fields_of_interest": [3, 4, 5, 6, 7, 8, 9, 10, 11, 12, 13, 14, 15, 16, 17, 18, 19, 20, 21, 22], "contacts": [1, 2, 3, 4, 5, 6, 7, 8, 9, 10, 11, 12, 13, 14, 15, 16, 17, 18, 19, 20], "sponsors": [1, 10, 11, 12, 13, 14, 15, 16, 17, 18, 19, 2, 20, 3, 4, 5, 6, 7, 8, 9], "covered_expenses": [1, 2, 3, 4, 5, 6, 7, 8, 9, 10, 11, 12, 13, 14, 15, 16, 17, 18, 19, 20]}}, {"model": "main.conference", "pk": 14, "fields": {"call_for_paper_deadline": "2018-08-02T06:22:33.943Z", "key_speakers": "Someone", "source": "Web", "ranking": "A*", "info": 37, "duration": "36", "conference_venue": "15", "fields_of_interest": [3, 4, 5, 6, 7, 8, 9, 10, 11, 12, 13, 14, 15, 16, 17, 18, 19, 20, 21, 22], "contacts": [1, 2, 3, 4, 5, 6, 7, 8, 9, 10, 11, 12, 13, 14, 15, 16, 17, 18, 19, 20], "sponsors": [1, 10, 11, 12, 13, 14, 15, 16, 17, 18, 19, 2, 20, 3, 4, 5, 6, 7, 8, 9], "covered_expenses": [1, 2, 3, 4, 5, 6, 7, 8, 9, 10, 11, 12, 13, 14, 15, 16, 17, 18, 19, 20]}}, {"model": "main.conference", "pk": 15, "fields": {"call_for_paper_deadline": "2018-08-02T06:22:34.750Z", "key_speakers": "Someone", "source": "Web", "ranking": "A*", "info": 38, "duration": "37", "conference_venue": "16", "fields_of_interest": [3, 4, 5, 6, 7, 8, 9, 10, 11, 12, 13, 14, 15, 16, 17, 18, 19, 20, 21, 22], "contacts": [1, 2, 3, 4, 5, 6, 7, 8, 9, 10, 11, 12, 13, 14, 15, 16, 17, 18, 19, 20], "sponsors": [1, 10, 11, 12, 13, 14, 15, 16, 17, 18, 19, 2, 20, 3, 4, 5, 6, 7, 8, 9], "covered_expenses": [1, 2, 3, 4, 5, 6, 7, 8, 9, 10, 11, 12, 13, 14, 15, 16, 17, 18, 19, 20]}}, {"model": "main.conference", "pk": 16, "fields": {"call_for_paper_deadline": "2018-08-02T06:22:35.382Z", "key_speakers": "Someone", "source": "Web", "ranking": "A*", "info": 39, "duration": "38", "conference_venue": "17", "fields_of_interest": [3, 4, 5, 6, 7, 8, 9, 10, 11, 12, 13, 14, 15, 16, 17, 18, 19, 20, 21, 22], "contacts": [1, 2, 3, 4, 5, 6, 7, 8, 9, 10, 11, 12, 13, 14, 15, 16, 17, 18, 19, 20], "sponsors": [1, 10, 11, 12, 13, 14, 15, 16, 17, 18, 19, 2, 20, 3, 4, 5, 6, 7, 8, 9], "covered_expenses": [1, 2, 3, 4, 5, 6, 7, 8, 9, 10, 11, 12, 13, 14, 15, 16, 17, 18, 19, 20]}}, {"model": "main.conference", "pk": 17, "fields": {"call_for_paper_deadline": "2018-08-02T06:22:36.091Z", "key_speakers": "Someone", "source": "Web", "ranking": "A*", "info": 40, "duration": "39", "conference_venue": "18", "fields_of_interest": [3, 4, 5, 6, 7, 8, 9, 10, 11, 12, 13, 14, 15, 16, 17, 18, 19, 20, 21, 22], "contacts": [1, 2, 3, 4, 5, 6, 7, 8, 9, 10, 11, 12, 13, 14, 15, 16, 17, 18, 19, 20], "sponsors": [1, 10, 11, 12, 13, 14, 15, 16, 17, 18, 19, 2, 20, 3, 4, 5, 6, 7, 8, 9], "covered_expenses": [1, 2, 3, 4, 5, 6, 7, 8, 9, 10, 11, 12, 13, 14, 15, 16, 17, 18, 19, 20]}}, {"model": "main.conference", "pk": 18, "fields": {"call_for_paper_deadline": "2018-08-02T06:22:36.866Z", "key_speakers": "Someone", "source": "Web", "ranking": "A*", "info": 41, "duration": "40", "conference_venue": "19", "fields_of_interest": [3, 4, 5, 6, 7, 8, 9, 10, 11, 12, 13, 14, 15, 16, 17, 18, 19, 20, 21, 22], "contacts": [1, 2, 3, 4, 5, 6, 7, 8, 9, 10, 11, 12, 13, 14, 15, 16, 17, 18, 19, 20], "sponsors": [1, 10, 11, 12, 13, 14, 15, 16, 17, 18, 19, 2, 20, 3, 4, 5, 6, 7, 8, 9], "covered_expenses": [1, 2, 3, 4, 5, 6, 7, 8, 9, 10, 11, 12, 13, 14, 15, 16, 17, 18, 19, 20]}}, {"model": "main.conference", "pk": 19, "fields": {"call_for_paper_deadline": "2018-08-02T06:22:37.816Z", "key_speakers": "Someone", "source": "Web", "ranking": "A*", "info": 42, "duration": "41", "conference_venue": "20", "fields_of_interest": [3, 4, 5, 6, 7, 8, 9, 10, 11, 12, 13, 14, 15, 16, 17, 18, 19, 20, 21, 22], "contacts": [1, 2, 3, 4, 5, 6, 7, 8, 9, 10, 11, 12, 13, 14, 15, 16, 17, 18, 19, 20], "sponsors": [1, 10, 11, 12, 13, 14, 15, 16, 17, 18, 19, 2, 20, 3, 4, 5, 6, 7, 8, 9], "covered_expenses": [1, 2, 3, 4, 5, 6, 7, 8, 9, 10, 11, 12, 13, 14, 15, 16, 17, 18, 19, 20]}}, {"model": "main.conference", "pk": 20, "fields": {"call_for_paper_deadline": "2018-08-02T06:22:39.166Z", "key_speakers": "Someone", "source": "Web", "ranking": "A*", "info": 43, "duration": "42", "conference_venue": "21", "fields_of_interest": [3, 4, 5, 6, 7, 8, 9, 10, 11, 12, 13, 14, 15, 16, 17, 18, 19, 20, 21, 22], "contacts": [1, 2, 3, 4, 5, 6, 7, 8, 9, 10, 11, 12, 13, 14, 15, 16, 17, 18, 19, 20], "sponsors": [1, 10, 11, 12, 13, 14, 15, 16, 17, 18, 19, 2, 20, 3, 4, 5, 6, 7, 8, 9], "covered_expenses": [1, 2, 3, 4, 5, 6, 7, 8, 9, 10, 11, 12, 13, 14, 15, 16, 17, 18, 19, 20]}}, {"model": "main.conference", "pk": 21, "fields": {"call_for_paper_deadline": "2018-09-30T19:00:00Z", "key_speakers": "Reggie, Pikachu", "source": "Website, Nintendo Direct", "ranking": "A*", "info": 44, "duration": "43", "conference_venue": "22", "fields_of_interest": [1, 2, 4], "contacts": [1, 2], "sponsors": [1, 2], "covered_expenses": [1, 2, 15]}}, {"model": "contenttypes.contenttype", "pk": 1, "fields": {"app_label": "auth", "model": "group"}}, {"model": "contenttypes.contenttype", "pk": 2, "fields": {"app_label": "auth", "model": "permission"}}, {"model": "contenttypes.contenttype", "pk": 3, "fields": {"app_label": "auth", "model": "user"}}, {"model": "contenttypes.contenttype", "pk": 4, "fields": {"app_label": "main", "model": "scholarship"}}, {"model": "contenttypes.contenttype", "pk": 5, "fields": {"app_label": "main", "model": "about"}}, {"model": "contenttypes.contenttype", "pk": 6, "fields": {"app_label": "main", "model": "conference"}}, {"model": "contenttypes.contenttype", "pk": 7, "fields": {"app_label": "main", "model": "sponsor"}}, {"model": "contenttypes.contenttype", "pk": 8, "fields": {"app_label": "main", "model": "submissionform"}}, {"model": "contenttypes.contenttype", "pk": 9, "fields": {"app_label": "main", "model": "grant"}}, {"model": "contenttypes.contenttype", "pk": 10, "fields": {"app_label": "main", "model": "fee"}}, {"model": "contenttypes.contenttype", "pk": 11, "fields": {"app_label": "main", "model": "profile"}}, {"model": "contenttypes.contenttype", "pk": 12, "fields": {"app_label": "main", "model": "tenure"}}, {"model": "contenttypes.contenttype", "pk": 13, "fields": {"app_label": "main", "model": "location"}}, {"model": "contenttypes.contenttype", "pk": 14, "fields": {"app_label": "main", "model": "job"}}, {"model": "contenttypes.contenttype", "pk": 15, "fields": {"app_label": "main", "model": "qualifications"}}, {"model": "contenttypes.contenttype", "pk": 16, "fields": {"app_label": "main", "model": "contact"}}, {"model": "contenttypes.contenttype", "pk": 17, "fields": {"app_label": "main", "model": "schedule"}}, {"model": "contenttypes.contenttype", "pk": 18, "fields": {"app_label": "main", "model": "studentposition"}}, {"model": "contenttypes.contenttype", "pk": 19, "fields": {"app_label": "main", "model": "salary"}}, {"model": "contenttypes.contenttype", "pk": 20, "fields": {"app_label": "main", "model": "expense"}}, {"model": "contenttypes.contenttype", "pk": 21, "fields": {"app_label": "main", "model": "specialization"}}, {"model": "contenttypes.contenttype", "pk": 22, "fields": {"app_label": "main", "model": "professor"}}, {"model": "contenttypes.contenttype", "pk": 23, "fields": {"app_label": "main", "model": "student"}}, {"model": "contenttypes.contenttype", "pk": 24, "fields": {"app_label": "contenttypes", "model": "contenttype"}}, {"model": "contenttypes.contenttype", "pk": 25, "fields": {"app_label": "admin", "model": "logentry"}}, {"model": "contenttypes.contenttype", "pk": 26, "fields": {"app_label": "sessions", "model": "session"}}, {"model": "sessions.session", "pk": "3m7a5bk31uyw1uo5geq96lr87gxrhftw", "fields": {"session_data": "NDI3N2ZlZGUwOWNiMDE1NjQ3ZTQzZjZkMmJlODBiMTcyZjRiMWQwMzp7ImNvbmYiOjIyLCJfYXV0aF91c2VyX2hhc2giOiI2MjhiMzU2Zjc4NWEzMTMyNjQ2OTBmMzA3OWQ1NWNlMjllNTYxNTgyIiwiX2F1dGhfdXNlcl9pZCI6IjIiLCJfYXV0aF91c2VyX2JhY2tlbmQiOiJtYWluLmF1dGhfYmFja2VuZC5DdXN0b21BdXRoQmFja2VuZCJ9", "expire_date": "2018-08-16T06:30:33.822Z"}}, {"model": "sessions.session", "pk": "wnro9m5tedfqnju90v3qgowtpb26e9n5", "fields": {"session_data": "YzdhYmQ4ZTQzZDY0NmNiNzllY2EyNzA4NDlmMWVhNzBiOTNmZDNhYjp7Il9hdXRoX3VzZXJfaGFzaCI6ImU1NDE0ZjkyNmUwOWNjZGEzNzA2MGFjNzcxNTc3MmRjM2Q2NjUxZDIiLCJfYXV0aF91c2VyX2JhY2tlbmQiOiJtYWluLmF1dGhfYmFja2VuZC5DdXN0b21BdXRoQmFja2VuZCIsIl9hdXRoX3VzZXJfaWQiOiIxIn0=", "expire_date": "2018-08-16T06:10:17.496Z"}}, {"model": "auth.permission", "pk": 1, "fields": {"name": "Can add group", "content_type": 1, "codename": "add_group"}}, {"model": "auth.permission", "pk": 2, "fields": {"name": "Can change group", "content_type": 1, "codename": "change_group"}}, {"model": "auth.permission", "pk": 3, "fields": {"name": "Can delete group", "content_type": 1, "codename": "delete_group"}}, {"model": "auth.permission", "pk": 4, "fields": {"name": "Can add permission", "content_type": 2, "codename": "add_permission"}}, {"model": "auth.permission", "pk": 5, "fields": {"name": "Can change permission", "content_type": 2, "codename": "change_permission"}}, {"model": "auth.permission", "pk": 6, "fields": {"name": "Can delete permission", "content_type": 2, "codename": "delete_permission"}}, {"model": "auth.permission", "pk": 7, "fields": {"name": "Can add user", "content_type": 3, "codename": "add_user"}}, {"model": "auth.permission", "pk": 8, "fields": {"name": "Can change user", "content_type": 3, "codename": "change_user"}}, {"model": "auth.permission", "pk": 9, "fields": {"name": "Can delete user", "content_type": 3, "codename": "delete_user"}}, {"model": "auth.permission", "pk": 10, "fields": {"name": "Can add scholarship", "content_type": 4, "codename": "add_scholarship"}}, {"model": "auth.permission", "pk": 11, "fields": {"name": "Can change scholarship", "content_type": 4, "codename": "change_scholarship"}}, {"model": "auth.permission", "pk": 12, "fields": {"name": "Can delete scholarship", "content_type": 4, "codename": "delete_scholarship"}}, {"model": "auth.permission", "pk": 13, "fields": {"name": "Can add about", "content_type": 5, "codename": "add_about"}}, {"model": "auth.permission", "pk": 14, "fields": {"name": "Can change about", "content_type": 5, "codename": "change_about"}}, {"model": "auth.permission", "pk": 15, "fields": {"name": "Can delete about", "content_type": 5, "codename": "delete_about"}}, {"model": "auth.permission", "pk": 16, "fields": {"name": "Can add conference", "content_type": 6, "codename": "add_conference"}}, {"model": "auth.permission", "pk": 17, "fields": {"name": "Can change conference", "content_type": 6, "codename": "change_conference"}}, {"model": "auth.permission", "pk": 18, "fields": {"name": "Can delete conference", "content_type": 6, "codename": "delete_conference"}}, {"model": "auth.permission", "pk": 19, "fields": {"name": "Can add sponsor", "content_type": 7, "codename": "add_sponsor"}}, {"model": "auth.permission", "pk": 20, "fields": {"name": "Can change sponsor", "content_type": 7, "codename": "change_sponsor"}}, {"model": "auth.permission", "pk": 21, "fields": {"name": "Can delete sponsor", "content_type": 7, "codename": "delete_sponsor"}}, {"model": "auth.permission", "pk": 22, "fields": {"name": "Can add submission form", "content_type": 8, "codename": "add_submissionform"}}, {"model": "auth.permission", "pk": 23, "fields": {"name": "Can change submission form", "content_type": 8, "codename": "change_submissionform"}}, {"model": "auth.permission", "pk": 24, "fields": {"name": "Can delete submission form", "content_type": 8, "codename": "delete_submissionform"}}, {"model": "auth.permission", "pk": 25, "fields": {"name": "Can add grant", "content_type": 9, "codename": "add_grant"}}, {"model": "auth.permission", "pk": 26, "fields": {"name": "Can change grant", "content_type": 9, "codename": "change_grant"}}, {"model": "auth.permission", "pk": 27, "fields": {"name": "Can delete grant", "content_type": 9, "codename": "delete_grant"}}, {"model": "auth.permission", "pk": 28, "fields": {"name": "Can add fee", "content_type": 10, "codename": "add_fee"}}, {"model": "auth.permission", "pk": 29, "fields": {"name": "Can change fee", "content_type": 10, "codename": "change_fee"}}, {"model": "auth.permission", "pk": 30, "fields": {"name": "Can delete fee", "content_type": 10, "codename": "delete_fee"}}, {"model": "auth.permission", "pk": 31, "fields": {"name": "Can add profile", "content_type": 11, "codename": "add_profile"}}, {"model": "auth.permission", "pk": 32, "fields": {"name": "Can change profile", "content_type": 11, "codename": "change_profile"}}, {"model": "auth.permission", "pk": 33, "fields": {"name": "Can delete profile", "content_type": 11, "codename": "delete_profile"}}, {"model": "auth.permission", "pk": 34, "fields": {"name": "Can add tenure", "content_type": 12, "codename": "add_tenure"}}, {"model": "auth.permission", "pk": 35, "fields": {"name": "Can change tenure", "content_type": 12, "codename": "change_tenure"}}, {"model": "auth.permission", "pk": 36, "fields": {"name": "Can delete tenure", "content_type": 12, "codename": "delete_tenure"}}, {"model": "auth.permission", "pk": 37, "fields": {"name": "Can add location", "content_type": 13, "codename": "add_location"}}, {"model": "auth.permission", "pk": 38, "fields": {"name": "Can change location", "content_type": 13, "codename": "change_location"}}, {"model": "auth.permission", "pk": 39, "fields": {"name": "Can delete location", "content_type": 13, "codename": "delete_location"}}, {"model": "auth.permission", "pk": 40, "fields": {"name": "Can add job", "content_type": 14, "codename": "add_job"}}, {"model": "auth.permission", "pk": 41, "fields": {"name": "Can change job", "content_type": 14, "codename": "change_job"}}, {"model": "auth.permission", "pk": 42, "fields": {"name": "Can delete job", "content_type": 14, "codename": "delete_job"}}, {"model": "auth.permission", "pk": 43, "fields": {"name": "Can add qualifications", "content_type": 15, "codename": "add_qualifications"}}, {"model": "auth.permission", "pk": 44, "fields": {"name": "Can change qualifications", "content_type": 15, "codename": "change_qualifications"}}, {"model": "auth.permission", "pk": 45, "fields": {"name": "Can delete qualifications", "content_type": 15, "codename": "delete_qualifications"}}, {"model": "auth.permission", "pk": 46, "fields": {"name": "Can add contact", "content_type": 16, "codename": "add_contact"}}, {"model": "auth.permission", "pk": 47, "fields": {"name": "Can change contact", "content_type": 16, "codename": "change_contact"}}, {"model": "auth.permission", "pk": 48, "fields": {"name": "Can delete contact", "content_type": 16, "codename": "delete_contact"}}, {"model": "auth.permission", "pk": 49, "fields": {"name": "Can add schedule", "content_type": 17, "codename": "add_schedule"}}, {"model": "auth.permission", "pk": 50, "fields": {"name": "Can change schedule", "content_type": 17, "codename": "change_schedule"}}, {"model": "auth.permission", "pk": 51, "fields": {"name": "Can delete schedule", "content_type": 17, "codename": "delete_schedule"}}, {"model": "auth.permission", "pk": 52, "fields": {"name": "Can add student position", "content_type": 18, "codename": "add_studentposition"}}, {"model": "auth.permission", "pk": 53, "fields": {"name": "Can change student position", "content_type": 18, "codename": "change_studentposition"}}, {"model": "auth.permission", "pk": 54, "fields": {"name": "Can delete student position", "content_type": 18, "codename": "delete_studentposition"}}, {"model": "auth.permission", "pk": 55, "fields": {"name": "Can add salary", "content_type": 19, "codename": "add_salary"}}, {"model": "auth.permission", "pk": 56, "fields": {"name": "Can change salary", "content_type": 19, "codename": "change_salary"}}, {"model": "auth.permission", "pk": 57, "fields": {"name": "Can delete salary", "content_type": 19, "codename": "delete_salary"}}, {"model": "auth.permission", "pk": 58, "fields": {"name": "Can add expense", "content_type": 20, "codename": "add_expense"}}, {"model": "auth.permission", "pk": 59, "fields": {"name": "Can change expense", "content_type": 20, "codename": "change_expense"}}, {"model": "auth.permission", "pk": 60, "fields": {"name": "Can delete expense", "content_type": 20, "codename": "delete_expense"}}, {"model": "auth.permission", "pk": 61, "fields": {"name": "Can add specialization", "content_type": 21, "codename": "add_specialization"}}, {"model": "auth.permission", "pk": 62, "fields": {"name": "Can change specialization", "content_type": 21, "codename": "change_specialization"}}, {"model": "auth.permission", "pk": 63, "fields": {"name": "Can delete specialization", "content_type": 21, "codename": "delete_specialization"}}, {"model": "auth.permission", "pk": 64, "fields": {"name": "Can add professor", "content_type": 22, "codename": "add_professor"}}, {"model": "auth.permission", "pk": 65, "fields": {"name": "Can change professor", "content_type": 22, "codename": "change_professor"}}, {"model": "auth.permission", "pk": 66, "fields": {"name": "Can delete professor", "content_type": 22, "codename": "delete_professor"}}, {"model": "auth.permission", "pk": 67, "fields": {"name": "Can add student", "content_type": 23, "codename": "add_student"}}, {"model": "auth.permission", "pk": 68, "fields": {"name": "Can change student", "content_type": 23, "codename": "change_student"}}, {"model": "auth.permission", "pk": 69, "fields": {"name": "Can delete student", "content_type": 23, "codename": "delete_student"}}, {"model": "auth.permission", "pk": 70, "fields": {"name": "Can add content type", "content_type": 24, "codename": "add_contenttype"}}, {"model": "auth.permission", "pk": 71, "fields": {"name": "Can change content type", "content_type": 24, "codename": "change_contenttype"}}, {"model": "auth.permission", "pk": 72, "fields": {"name": "Can delete content type", "content_type": 24, "codename": "delete_contenttype"}}, {"model": "auth.permission", "pk": 73, "fields": {"name": "Can add log entry", "content_type": 25, "codename": "add_logentry"}}, {"model": "auth.permission", "pk": 74, "fields": {"name": "Can change log entry", "content_type": 25, "codename": "change_logentry"}}, {"model": "auth.permission", "pk": 75, "fields": {"name": "Can delete log entry", "content_type": 25, "codename": "delete_logentry"}}, {"model": "auth.permission", "pk": 76, "fields": {"name": "Can add session", "content_type": 26, "codename": "add_session"}}, {"model": "auth.permission", "pk": 77, "fields": {"name": "Can change session", "content_type": 26, "codename": "change_session"}}, {"model": "auth.permission", "pk": 78, "fields": {"name": "Can delete session", "content_type": 26, "codename": "delete_session"}}, {"model": "auth.user", "pk": 1, "fields": {"password": "pbkdf2_sha256$36000$TdPEGWWjZugm$UsXn9CRLKSKheeoCTbEpnmaa+X7S+m46h8I+/WxI8b0=", "last_login": "2018-08-02T06:10:17.415Z", "is_superuser": true, "username": "dawoud", "first_name": "", "last_name": "", "email": "dawoud.sheraz@email.com", "is_staff": true, "is_active": true, "date_joined": "2018-08-02T06:10:00.054Z", "groups": [], "user_permissions": []}}, {"model": "auth.user", "pk": 2, "fields": {"password": "pbkdf2_sha256$36000$h3O5u27rF1IQ$ZQjSob0BKlltuABCbzMTPdZAAYB/LTUdYluA0Z3TfnE=", "last_login": "2018-08-02T06:28:52.320Z", "is_superuser": false, "username": "dumbeldore", "first_name": "", "last_name": "", "email": "dumbeldore@hogwarts.com", "is_staff": false, "is_active": true, "date_joined": "2018-08-02T06:10:33Z", "groups": [], "user_permissions": []}}, {"model": "auth.user", "pk": 3, "fields": {"password": "pbkdf2_sha256$36000$ayi8SBq3Dw6P$1rc9Jh4rcgTnK0c6LJF6w/QZQn6JN1yAVzyqRukCaps=", "last_login": "2018-08-02T06:18:24.956Z", "is_superuser": false, "username": "student_1", "first_name": "", "last_name": "", "email": "student1@email.com", "is_staff": false, "is_active": true, "date_joined": "2018-08-02T06:16:40.267Z", "groups": [], "user_permissions": []}}, {"model": "auth.user", "pk": 4, "fields": {"password": "pbkdf2_sha256$36000$askv27XWKxw9$JTyczYd8u9r5l6u+KbQnncWtOtJR2WbajmPtlxC0cmY=", "last_login": "2018-08-02T06:17:12.191Z", "is_superuser": false, "username": "snape", "first_name": "", "last_name": "", "email": "snape@slytherin.com", "is_staff": false, "is_active": true, "date_joined": "2018-08-02T06:17:11.749Z", "groups": [], "user_permissions": []}}, {"model": "main.profile", "pk": 1, "fields": {"user": 2, "name": "Professor Dumbeldore", "age": 78, "gender": "Male", "skills": [1, 2]}}, {"model": "main.profile", "pk": 2, "fields": {"user": 3, "name": "Student 1", "age": 22, "gender": "Male", "skills": [1, 2]}}, {"model": "main.profile", "pk": 3, "fields": {"user": 4, "name": "Severus Snape", "age": 54, "gender": "Male", "skills": [1, 2]}}, {"model": "main.student", "pk": "2", "fields": {"experience": 2.0, "skills": [1, 2]}}, {"model": "main.professor", "pk": "1", "fields": {"related_university": "1", "skills": [1, 2]}}, {"model": "main.professor", "pk": "3", "fields": {"related_university": "1", "skills": [1, 2]}}, {"model": "admin.logentry", "pk": 1, "fields": {"action_time": "2018-08-02T06:10:33.308Z", "user": 1, "content_type": 3, "object_id": "2", "object_repr": "dumbeldore", "action_flag": 1, "change_message": "[{\"added\": {}}]"}}, {"model": "admin.logentry", "pk": 2, "fields": {"action_time": "2018-08-02T06:10:46.834Z", "user": 1, "content_type": 21, "object_id": "1", "object_repr": "Magic", "action_flag": 1, "change_message": "[{\"added\": {}}]"}}, {"model": "admin.logentry", "pk": 3, "fields": {"action_time": "2018-08-02T06:10:53.221Z", "user": 1, "content_type": 21, "object_id": "2", "object_repr": "Potions", "action_flag": 1, "change_message": "[{\"added\": {}}]"}}, {"model": "admin.logentry", "pk": 4, "fields": {"action_time": "2018-08-02T06:11:05.050Z", "user": 1, "content_type": 13, "object_id": "1", "object_repr": "Hogwarts School of Mystery", "action_flag": 1, "change_message": "[{\"added\": {}}]"}}, {"model": "admin.logentry", "pk": 5, "fields": {"action_time": "2018-08-02T06:11:07.107Z", "user": 1, "content_type": 22, "object_id": "1", "object_repr": "Professor Dumbeldore", "action_flag": 1, "change_message": "[{\"added\": {}}]"}}, {"model": "admin.logentry", "pk": 6, "fields": {"action_time": "2018-08-02T06:14:00.766Z", "user": 1, "content_type": 5, "object_id": "1", "object_repr": "Scholarship 70", "action_flag": 3, "change_message": ""}}, {"model": "admin.logentry", "pk": 7, "fields": {"action_time": "2018-08-02T06:14:18.458Z", "user": 1, "content_type": 5, "object_id": "2", "object_repr": "Scholarship 70", "action_flag": 3, "change_message": ""}}, {"model": "admin.logentry", "pk": 8, "fields": {"action_time": "2018-08-02T06:14:44.930Z", "user": 1, "content_type": 8, "object_id": "1", "object_repr": "Scholarship 70", "action_flag": 3, "change_message": ""}}, {"model": "admin.logentry", "pk": 9, "fields": {"action_time": "2018-08-02T06:28:44.642Z", "user": 1, "content_type": 3, "object_id": "2", "object_repr": "dumbeldore", "action_flag": 2, "change_message": "[{\"changed\": {\"fields\": [\"email\"]}}]"}}]