[{"model": "main.job", "pk": "1", "fields": {"title": "PhD Machina", "type": "full time", "description": "IDK", "function": "Writing Research Papers", "expectations": null}}, {"model": "main.job", "pk": "job10", "fields": {"title": "job : 10", "type": "full time", "description": "Run the tests 10 time", "function": "Learn", "expectations": null}}, {"model": "main.job", "pk": "job11", "fields": {"title": "job : 11", "type": "full time", "description": "Run the tests 11 time", "function": "Learn", "expectations": null}}, {"model": "main.job", "pk": "job12", "fields": {"title": "job : 12", "type": "full time", "description": "Run the tests 12 time", "function": "Learn", "expectations": null}}, {"model": "main.job", "pk": "job13", "fields": {"title": "job : 13", "type": "full time", "description": "Run the tests 13 time", "function": "Learn", "expectations": null}}, {"model": "main.job", "pk": "job14", "fields": {"title": "job : 14", "type": "full time", "description": "Run the tests 14 time", "function": "Learn", "expectations": null}}, {"model": "main.job", "pk": "job15", "fields": {"title": "job : 15", "type": "full time", "description": "Run the tests 15 time", "function": "Learn", "expectations": null}}, {"model": "main.job", "pk": "job16", "fields": {"title": "job : 16", "type": "full time", "description": "Run the tests 16 time", "function": "Learn", "expectations": null}}, {"model": "main.job", "pk": "job17", "fields": {"title": "job : 17", "type": "full time", "description": "Run the tests 17 time", "function": "Learn", "expectations": null}}, {"model": "main.job", "pk": "job18", "fields": {"title": "job : 18", "type": "full time", "description": "Run the tests 18 time", "function": "Learn", "expectations": null}}, {"model": "main.job", "pk": "job19", "fields": {"title": "job : 19", "type": "full time", "description": "Run the tests 19 time", "function": "Learn", "expectations": null}}, {"model": "main.job", "pk": "job2", "fields": {"title": "Game Developer", "type": "part time", "description": "Develop Games", "function": "Quick Game Design", "expectations": "No crying"}}, {"model": "main.job", "pk": "job20", "fields": {"title": "job : 20", "type": "full time", "description": "Run the tests 20 time", "function": "Learn", "expectations": null}}, {"model": "main.job", "pk": "job21", "fields": {"title": "job : 21", "type": "part time", "description": "Run the tests 21 time", "function": "Learn", "expectations": null}}, {"model": "main.job", "pk": "job22", "fields": {"title": "job : 22", "type": "part time", "description": "Run the tests 22 time", "function": "Learn", "expectations": null}}, {"model": "main.job", "pk": "job23", "fields": {"title": "job : 23", "type": "part time", "description": "Run the tests 23 time", "function": "Learn", "expectations": null}}, {"model": "main.job", "pk": "job24", "fields": {"title": "job : 24", "type": "part time", "description": "Run the tests 24 time", "function": "Learn", "expectations": null}}, {"model": "main.job", "pk": "job25", "fields": {"title": "job : 25", "type": "part time", "description": "Run the tests 25 time", "function": "Learn", "expectations": null}}, {"model": "main.job", "pk": "job26", "fields": {"title": "job : 26", "type": "part time", "description": "Run the tests 26 time", "function": "Learn", "expectations": null}}, {"model": "main.job", "pk": "job27", "fields": {"title": "job : 27", "type": "part time", "description": "Run the tests 27 time", "function": "Learn", "expectations": null}}, {"model": "main.job", "pk": "job28", "fields": {"title": "job : 28", "type": "part time", "description": "Run the tests 28 time", "function": "Learn", "expectations": null}}, {"model": "main.job", "pk": "job29", "fields": {"title": "job : 29", "type": "part time", "description": "Run the tests 29 time", "function": "Learn", "expectations": null}}, {"model": "main.job", "pk": "job3", "fields": {"title": "job : 3", "type": "full time", "description": "Run the tests 3 time", "function": "Learn", "expectations": null}}, {"model": "main.job", "pk": "job4", "fields": {"title": "job : 4", "type": "full time", "description": "Run the tests 4 time", "function": "Learn", "expectations": null}}, {"model": "main.job", "pk": "job5", "fields": {"title": "job : 5", "type": "full time", "description": "Run the tests 5 time", "function": "Learn", "expectations": null}}, {"model": "main.job", "pk": "job6", "fields": {"title": "job : 6", "type": "full time", "description": "Run the tests 6 time", "function": "Learn", "expectations": null}}, {"model": "main.job", "pk": "job7", "fields": {"title": "job : 7", "type": "full time", "description": "Run the tests 7 time", "function": "Learn", "expectations": null}}, {"model": "main.job", "pk": "job8", "fields": {"title": "job : 8", "type": "full time", "description": "Run the tests 8 time", "function": "Learn", "expectations": null}}, {"model": "main.job", "pk": "job9", "fields": {"title": "job : 9", "type": "full time", "description": "Run the tests 9 time", "function": "Learn", "expectations": null}}, {"model": "main.location", "pk": "loc1", "fields": {"name": "NUST", "city": "Islamabad", "country": "Pakistan"}}, {"model": "main.location", "pk": "loc10", "fields": {"name": "Location 10", "city": null, "country": "Pakistan"}}, {"model": "main.location", "pk": "loc11", "fields": {"name": "Location 11", "city": "London", "country": "UK"}}, {"model": "main.location", "pk": "loc12", "fields": {"name": "Location 12", "city": "London", "country": "UK"}}, {"model": "main.location", "pk": "loc13", "fields": {"name": "Location 13", "city": "London", "country": "UK"}}, {"model": "main.location", "pk": "loc14", "fields": {"name": "Location 14", "city": "London", "country": "UK"}}, {"model": "main.location", "pk": "loc15", "fields": {"name": "Location 15", "city": "London", "country": "UK"}}, {"model": "main.location", "pk": "loc2", "fields": {"name": "FAST", "city": "Lahore", "country": "Pakistan"}}, {"model": "main.location", "pk": "loc3", "fields": {"name": "MIT", "city": null, "country": "USA"}}, {"model": "main.location", "pk": "loc4", "fields": {"name": "UET", "city": "Taxilla", "country": "Pakistan"}}, {"model": "main.location", "pk": "loc5", "fields": {"name": "Hotel Grandios", "city": null, "country": "India"}}, {"model": "main.location", "pk": "loc6", "fields": {"name": "Location 6", "city": null, "country": "Pakistan"}}, {"model": "main.location", "pk": "loc7", "fields": {"name": "Location 7", "city": null, "country": "Pakistan"}}, {"model": "main.location", "pk": "loc8", "fields": {"name": "Location 8", "city": null, "country": "Pakistan"}}, {"model": "main.location", "pk": "loc9", "fields": {"name": "Location 9", "city": null, "country": "Pakistan"}}, {"model": "main.fee", "pk": "fee1", "fields": {"amount": "$123"}}, {"model": "main.fee", "pk": "fee10", "fields": {"amount": "$2000"}}, {"model": "main.fee", "pk": "fee2", "fields": {"amount": "$456"}}, {"model": "main.fee", "pk": "fee3", "fields": {"amount": "$300"}}, {"model": "main.fee", "pk": "fee4", "fields": {"amount": "$400"}}, {"model": "main.fee", "pk": "fee5", "fields": {"amount": "$500"}}, {"model": "main.fee", "pk": "fee6", "fields": {"amount": "$600"}}, {"model": "main.fee", "pk": "fee7", "fields": {"amount": "$1400"}}, {"model": "main.fee", "pk": "fee8", "fields": {"amount": "$1600"}}, {"model": "main.fee", "pk": "fee9", "fields": {"amount": "$1800"}}, {"model": "main.salary", "pk": "salary1", "fields": {"amount": "$123"}}, {"model": "main.salary", "pk": "salary10", "fields": {"amount": "$3000"}}, {"model": "main.salary", "pk": "salary2", "fields": {"amount": "$123"}}, {"model": "main.salary", "pk": "salary3", "fields": {"amount": "$300"}}, {"model": "main.salary", "pk": "salary4", "fields": {"amount": "$400"}}, {"model": "main.salary", "pk": "salary5", "fields": {"amount": "$500"}}, {"model": "main.salary", "pk": "salary6", "fields": {"amount": "$600"}}, {"model": "main.salary", "pk": "salary7", "fields": {"amount": "$2100"}}, {"model": "main.salary", "pk": "salary8", "fields": {"amount": "$2400"}}, {"model": "main.salary", "pk": "salary9", "fields": {"amount": "$2700"}}, {"model": "main.grant", "pk": "grant1", "fields": {"amount": "$4000"}}, {"model": "main.grant", "pk": "grant10", "fields": {"amount": "$2500"}}, {"model": "main.grant", "pk": "grant2", "fields": {"amount": "$3443"}}, {"model": "main.grant", "pk": "grant3", "fields": {"amount": "$450"}}, {"model": "main.grant", "pk": "grant4", "fields": {"amount": "$600"}}, {"model": "main.grant", "pk": "grant5", "fields": {"amount": "$750"}}, {"model": "main.grant", "pk": "grant6", "fields": {"amount": "$900"}}, {"model": "main.grant", "pk": "grant7", "fields": {"amount": "$1750"}}, {"model": "main.grant", "pk": "grant8", "fields": {"amount": "$2000"}}, {"model": "main.grant", "pk": "grant9", "fields": {"amount": "$2250"}}, {"model": "main.expense", "pk": "expense1", "fields": {"amount": "$500", "description": "Travel Allowance"}}, {"model": "main.expense", "pk": "expense10", "fields": {"amount": "$7400", "description": "10 Cyber Attack Loss "}}, {"model": "main.expense", "pk": "expense2", "fields": {"amount": "$280", "description": "Damages of 2 furnitures"}}, {"model": "main.expense", "pk": "expense3", "fields": {"amount": "$420", "description": "Damages of 3 furnitures"}}, {"model": "main.expense", "pk": "expense4", "fields": {"amount": "$560", "description": "Damages of 4 furnitures"}}, {"model": "main.expense", "pk": "expense5", "fields": {"amount": "$700", "description": "Damages of 5 furnitures"}}, {"model": "main.expense", "pk": "expense6", "fields": {"amount": "$840", "description": "Damages of 6 furnitures"}}, {"model": "main.expense", "pk": "expense7", "fields": {"amount": "$5180", "description": "7 Cyber Attack Loss "}}, {"model": "main.expense", "pk": "expense8", "fields": {"amount": "$5920", "description": "8 Cyber Attack Loss "}}, {"model": "main.expense", "pk": "expense9", "fields": {"amount": "$6660", "description": "9 Cyber Attack Loss "}}, {"model": "main.qualifications", "pk": "qual1", "fields": {"minimum": "Python, C++", "preferred": null}}, {"model": "main.qualifications", "pk": "qual10", "fields": {"minimum": "10 Papers Published", "preferred": null}}, {"model": "main.qualifications", "pk": "qual2", "fields": {"minimum": "2 tools\n7 techniques", "preferred": null}}, {"model": "main.qualifications", "pk": "qual3", "fields": {"minimum": "3 tools\n8 techniques", "preferred": null}}, {"model": "main.qualifications", "pk": "qual4", "fields": {"minimum": "4 tools\n9 techniques", "preferred": null}}, {"model": "main.qualifications", "pk": "qual5", "fields": {"minimum": "5 tools\n10 techniques", "preferred": null}}, {"model": "main.qualifications", "pk": "qual6", "fields": {"minimum": "6 tools\n11 techniques", "preferred": null}}, {"model": "main.qualifications", "pk": "qual7", "fields": {"minimum": "7 Papers Published", "preferred": null}}, {"model": "main.qualifications", "pk": "qual8", "fields": {"minimum": "8 Papers Published", "preferred": null}}, {"model": "main.qualifications", "pk": "qual9", "fields": {"minimum": "9 Papers Published", "preferred": null}}, {"model": "main.department", "pk": "10", "fields": {"name": "Department 10", "university": "loc10"}}, {"model": "main.department", "pk": "2", "fields": {"name": "Department 2", "university": "loc2"}}, {"model": "main.department", "pk": "3", "fields": {"name": "Department 3", "university": "loc3"}}, {"model": "main.department", "pk": "4", "fields": {"name": "Department 4", "university": "loc4"}}, {"model": "main.department", "pk": "5", "fields": {"name": "Department 5", "university": "loc5"}}, {"model": "main.department", "pk": "6", "fields": {"name": "Department 6", "university": "loc6"}}, {"model": "main.department", "pk": "7", "fields": {"name": "Department 7", "university": "loc7"}}, {"model": "main.department", "pk": "8", "fields": {"name": "Department 8", "university": "loc8"}}, {"model": "main.department", "pk": "9", "fields": {"name": "Department 9", "university": "loc9"}}, {"model": "main.department", "pk": "cs_dept_mit", "fields": {"name": "CS MIT", "university": "loc3"}}, {"model": "main.department", "pk": "cs_nust_dept", "fields": {"name": "CS SEECS", "university": "loc1"}}, {"model": "main.field", "pk": "2", "fields": {"name": "Field 2", "department": "2"}}, {"model": "main.field", "pk": "3", "fields": {"name": "Field 3", "department": "3"}}, {"model": "main.field", "pk": "4", "fields": {"name": "Field 4", "department": "4"}}, {"model": "main.field", "pk": "5", "fields": {"name": "Field 5", "department": "5"}}, {"model": "main.field", "pk": "6", "fields": {"name": "Field 6", "department": "6"}}, {"model": "main.field", "pk": "7", "fields": {"name": "Field 7", "department": "5"}}, {"model": "main.field", "pk": "8", "fields": {"name": "Field 8", "department": "5"}}, {"model": "main.field", "pk": "9", "fields": {"name": "Field 9", "department": "5"}}, {"model": "main.field", "pk": "tukl seecs", "fields": {"name": "TUKL Lab", "department": "cs_nust_dept"}}, {"model": "main.submissionform", "pk": "form1", "fields": {"title": "Job 1 Form", "required_docs": "Transcript", "steps_to_apply": "Go to Website"}}, {"model": "main.submissionform", "pk": "form2", "fields": {"title": "Scholarship Thing", "required_docs": "Docs", "steps_to_apply": "Get PDF"}}, {"model": "main.submissionform", "pk": "form3", "fields": {"title": "About 3 Jobs", "required_docs": "Degree", "steps_to_apply": "Follow Youtube Channel for more information"}}, {"model": "main.submissionform", "pk": "form4", "fields": {"title": "About 4 Jobs", "required_docs": "Degree", "steps_to_apply": "Follow Youtube Channel for more information"}}, {"model": "main.submissionform", "pk": "form5", "fields": {"title": "About 5 Jobs", "required_docs": "Degree", "steps_to_apply": "Follow Youtube Channel for more information"}}, {"model": "main.submissionform", "pk": "form6", "fields": {"title": "6th Scholarship", "required_docs": "Transcript", "steps_to_apply": "Visit Website"}}, {"model": "main.submissionform", "pk": "form7", "fields": {"title": "7th Scholarship", "required_docs": "Transcript", "steps_to_apply": "Visit Website"}}, {"model": "main.submissionform", "pk": "form8", "fields": {"title": "8th Scholarship", "required_docs": "Transcript", "steps_to_apply": "Visit Website"}}, {"model": "main.submissionform", "pk": "form9", "fields": {"title": "9th Scholarship", "required_docs": "Transcript", "steps_to_apply": "Visit Website"}}, {"model": "main.sponsor", "pk": "spon1", "fields": {"name": "Nintendo"}}, {"model": "main.sponsor", "pk": "spon2", "fields": {"name": "Sony"}}, {"model": "main.tenure", "pk": "tenure_1", "fields": {"start_date": "2018-07-18T06:52:16.857Z", "duration": "30 00:00:00"}}, {"model": "main.tenure", "pk": "tenure_2", "fields": {"start_date": "2018-07-18T06:54:42.595Z", "duration": "90 00:00:00"}}, {"model": "main.tenure", "pk": "tenure_3", "fields": {"start_date": "2018-10-03T00:00:00Z", "duration": "45 00:00:00"}}, {"model": "main.tenure", "pk": "tenure_4", "fields": {"start_date": "2018-10-04T00:00:00Z", "duration": "60 00:00:00"}}, {"model": "main.tenure", "pk": "tenure_5", "fields": {"start_date": "2018-10-05T00:00:00Z", "duration": "75 00:00:00"}}, {"model": "main.about", "pk": "about_1", "fields": {"title": "PhD Position", "description": "Job For Noobs"}}, {"model": "main.about", "pk": "about_10", "fields": {"title": "About the 10", "description": "Dont Play with 10 games"}}, {"model": "main.about", "pk": "about_2", "fields": {"title": "Animal Computer Interaction", "description": "Publish any cruel thing you did on Animals!!!"}}, {"model": "main.about", "pk": "about_3", "fields": {"title": "Nintendo Scholarship", "description": "Get Our consoles and stuff and you are eligible for the scholarship"}}, {"model": "main.about", "pk": "about_4", "fields": {"title": "MPhill", "description": "Job For Noobs"}}, {"model": "main.about", "pk": "about_5", "fields": {"title": "Sony Conference", "description": "Gaming Enthusiastics"}}, {"model": "main.about", "pk": "about_6", "fields": {"title": "About the 6", "description": "Dont Play with 6 games"}}, {"model": "main.about", "pk": "about_7", "fields": {"title": "About the 7", "description": "Dont Play with 7 games"}}, {"model": "main.about", "pk": "about_8", "fields": {"title": "About the 8", "description": "Dont Play with 8 games"}}, {"model": "main.about", "pk": "about_9", "fields": {"title": "About the 9", "description": "Dont Play with 9 games"}}, {"model": "main.specialization", "pk": "AR", "fields": {"title": "Augmented Reality", "description": "augments real world, You Know"}}, {"model": "main.specialization", "pk": "ML", "fields": {"title": "Machine Learning", "description": "Just run Library functions and you are Expert"}}, {"model": "main.specialization", "pk": "Something", "fields": {"title": "something", "description": "rainbow"}}, {"model": "main.specialization", "pk": "WD", "fields": {"title": "Web development", "description": "Just Grinding"}}, {"model": "main.specialization", "pk": "crawling", "fields": {"title": "Web Crawling", "description": "Just send requests to server and kill it"}}, {"model": "main.specialization", "pk": "special_10", "fields": {"title": "About the 10", "description": "Dont Play with 10 games"}}, {"model": "main.specialization", "pk": "special_6", "fields": {"title": "About the 6", "description": "Dont Play with 6 games"}}, {"model": "main.specialization", "pk": "special_7", "fields": {"title": "About the 7", "description": "Dont Play with 7 games"}}, {"model": "main.specialization", "pk": "special_8", "fields": {"title": "About the 8", "description": "Dont Play with 8 games"}}, {"model": "main.specialization", "pk": "special_9", "fields": {"title": "About the 9", "description": "Dont Play with 9 games"}}, {"model": "main.contact", "pk": "contact_1", "fields": {"email": "email@email.com", "phone": "090078601"}}, {"model": "main.contact", "pk": "contact_10", "fields": {"email": "email_10@email.com", "phone": "10000"}}, {"model": "main.contact", "pk": "contact_2", "fields": {"email": "email_2@email.com", "phone": "2000"}}, {"model": "main.contact", "pk": "contact_3", "fields": {"email": "email_3@email.com", "phone": "3000"}}, {"model": "main.contact", "pk": "contact_4", "fields": {"email": "email_4@email.com", "phone": "4000"}}, {"model": "main.contact", "pk": "contact_5", "fields": {"email": "email_5@email.com", "phone": "5000"}}, {"model": "main.contact", "pk": "contact_6", "fields": {"email": "email_6@email.com", "phone": "6000"}}, {"model": "main.contact", "pk": "contact_7", "fields": {"email": "email_7@email.com", "phone": "7000"}}, {"model": "main.contact", "pk": "contact_8", "fields": {"email": "email_8@email.com", "phone": "8000"}}, {"model": "main.contact", "pk": "contact_9", "fields": {"email": "email_9@email.com", "phone": "9000"}}, {"model": "main.user", "pk": "professor_1", "fields": {"name": "Professor 1", "email": "professor1@email.com", "password": "", "age": 35, "gender": null}}, {"model": "main.user", "pk": "professor_2", "fields": {"name": "professor 2", "email": "professor2@email.com", "password": "2126", "age": 20, "gender": null}}, {"model": "main.user", "pk": "professor_3", "fields": {"name": "professor 3", "email": "professor3@email.com", "password": "3139", "age": 21, "gender": null}}, {"model": "main.user", "pk": "professor_4", "fields": {"name": "professor 4", "email": "professor4@email.com", "password": "41412", "age": 22, "gender": null}}, {"model": "main.user", "pk": "professor_5", "fields": {"name": "professor 5", "email": "professor5@email.com", "password": "51515", "age": 23, "gender": null}}, {"model": "main.user", "pk": "student_1", "fields": {"name": "Student 1", "email": "student1@email.com", "password": "student1", "age": null, "gender": null}}, {"model": "main.user", "pk": "student_2", "fields": {"name": "Student 2", "email": "student2@email.com", "password": "2126", "age": 20, "gender": null}}, {"model": "main.user", "pk": "student_3", "fields": {"name": "Student 3", "email": "student3@email.com", "password": "3139", "age": 21, "gender": null}}, {"model": "main.user", "pk": "student_4", "fields": {"name": "Student 4", "email": "student4@email.com", "password": "41412", "age": 22, "gender": null}}, {"model": "main.user", "pk": "student_5", "fields": {"name": "Student 5", "email": "student5@email.com", "password": "51515", "age": 23, "gender": null}}, {"model": "main.student", "pk": "student_1", "fields": {"experience": 3.5, "skills": ["AR", "ML", "WD"]}}, {"model": "main.student", "pk": "student_2", "fields": {"experience": 4.0, "skills": ["special_6"]}}, {"model": "main.student", "pk": "student_3", "fields": {"experience": 4.0, "skills": ["special_7"]}}, {"model": "main.student", "pk": "student_4", "fields": {"experience": 4.0, "skills": ["special_8"]}}, {"model": "main.student", "pk": "student_5", "fields": {"experience": 4.0, "skills": ["special_9"]}}, {"model": "main.professor", "pk": "professor_1", "fields": {"related_university": "loc1", "expertise": ["AR", "crawling"]}}, {"model": "main.professor", "pk": "professor_2", "fields": {"related_university": "loc2", "expertise": ["special_6"]}}, {"model": "main.professor", "pk": "professor_3", "fields": {"related_university": "loc3", "expertise": ["special_7"]}}, {"model": "main.professor", "pk": "professor_4", "fields": {"related_university": "loc4", "expertise": ["special_8"]}}, {"model": "main.professor", "pk": "professor_5", "fields": {"related_university": "loc5", "expertise": ["special_9"]}}, {"model": "main.studentposition", "pk": "pos1", "fields": {"experience_required": "0-1 Years", "deadline": "2018-12-31T00:00:00Z", "source": "Google", "job": "1", "submission_form": "form1", "job_location": "loc3", "fee": null, "salary": "salary2", "requirements": "qual1", "job_provider": "professor_1", "duration": "tenure_1", "skills_covered": ["ML"], "contacts": ["contact_1"]}}, {"model": "main.studentposition", "pk": "pos2", "fields": {"experience_required": "2-3 Years", "deadline": "2019-01-01T00:00:00Z", "source": "Facebook.com/abc", "job": "job3", "submission_form": "form6", "job_location": "loc14", "fee": null, "salary": "salary4", "requirements": "qual5", "job_provider": "professor_4", "duration": "tenure_3", "skills_covered": ["Something"], "contacts": ["contact_3"]}}, {"model": "main.scholarship", "pk": "sch_1", "fields": {"funding": 90000.0, "number_of_positions": 20, "deadline": "2018-10-15T00:00:00Z", "scholarship_maintenance_criteria": null, "perks_offered": "Nothing, ;)", "source": "random url", "information": "about_3", "application_form": "form2", "amount_granted": "grant2", "criteria": "qual1", "duration": "tenure_2", "fields_of_interest": ["AR", "ML"], "contacts": ["contact_1"], "host_universities": ["loc1", "loc2", "loc4"], "sponsors": ["spon2"]}}, {"model": "main.conference", "pk": "conf_1", "fields": {"call_for_paper_deadline": "2018-10-10T00:00:00Z", "key_speakers": null, "source": "Website, Duh!!", "ranking": "A", "info": "about_2", "duration": "tenure_2", "conference_venue": "loc5", "fields_of_interest": ["AR", "ML", "WD"], "contacts": ["contact_1"], "sponsors": ["spon1", "spon2"], "covered_expenses": ["expense1"]}}, {"model": "main.conference", "pk": "conf_2", "fields": {"call_for_paper_deadline": "2019-01-02T00:00:00Z", "key_speakers": "Reggie Fiie", "source": "Google.com", "ranking": "B+", "info": "about_6", "duration": "tenure_4", "conference_venue": "loc9", "fields_of_interest": ["ML"], "contacts": ["contact_5"], "sponsors": ["spon2"], "covered_expenses": ["expense3"]}}, {"model": "main.schedule", "pk": "sch1", "fields": {"date": "2018-09-15T00:00:00Z", "description": "Opening", "related_conference": "conf_1"}}, {"model": "main.schedule", "pk": "sch2", "fields": {"date": "2018-09-16T00:00:00Z", "description": "Workshops", "related_conference": "conf_1"}}]